id_operation;code_poste;libelle_poste;annee;version;date_version;montant_budget_ht
OP01;P01;Études;2021;V1;2021-06-29;288200
OP01;P01;Études;2022;V1;2021-06-29;354130
OP01;P01;Études;2023;V1;2021-06-29;219164
OP01;P01;Études;2024;V1;2021-06-29;69770
OP01;P01;Études;2025;V1;2021-06-29;13709
OP01;P01;Études;2026;V1;2021-06-29;4332
OP01;P01;Études;2027;V1;2021-06-29;3585
OP01;P01;Études;2028;V1;2021-06-29;3555
OP01;P01;Études;2029;V1;2021-06-29;3555
OP01;P02;Acquisitions foncières;2021;V1;2021-06-29;975513
OP01;P02;Acquisitions foncières;2022;V1;2021-06-29;1401925
OP01;P02;Acquisitions foncières;2023;V1;2021-06-29;1369783
OP01;P02;Acquisitions foncières;2024;V1;2021-06-29;910257
OP01;P02;Acquisitions foncières;2025;V1;2021-06-29;415057
OP01;P02;Acquisitions foncières;2026;V1;2021-06-29;135650
OP01;P02;Acquisitions foncières;2027;V1;2021-06-29;39234
OP01;P02;Acquisitions foncières;2028;V1;2021-06-29;17849
OP01;P02;Acquisitions foncières;2029;V1;2021-06-29;14732
OP01;P03;Travaux VRD;2021;V1;2021-06-29;330998
OP01;P03;Travaux VRD;2022;V1;2021-06-29;857770
OP01;P03;Travaux VRD;2023;V1;2021-06-29;1665601
OP01;P03;Travaux VRD;2024;V1;2021-06-29;2365143
OP01;P03;Travaux VRD;2025;V1;2021-06-29;2441929
OP01;P03;Travaux VRD;2026;V1;2021-06-29;1832460
OP01;P03;Travaux VRD;2027;V1;2021-06-29;1003683
OP01;P03;Travaux VRD;2028;V1;2021-06-29;408634
OP01;P03;Travaux VRD;2029;V1;2021-06-29;133783
OP01;P04;Honoraires techniques;2021;V1;2021-06-29;72917
OP01;P04;Honoraires techniques;2022;V1;2021-06-29;162408
OP01;P04;Honoraires techniques;2023;V1;2021-06-29;288076
OP01;P04;Honoraires techniques;2024;V1;2021-06-29;400989
OP01;P04;Honoraires techniques;2025;V1;2021-06-29;436180
OP01;P04;Honoraires techniques;2026;V1;2021-06-29;370493
OP01;P04;Honoraires techniques;2027;V1;2021-06-29;246123
OP01;P04;Honoraires techniques;2028;V1;2021-06-29;128679
OP01;P04;Honoraires techniques;2029;V1;2021-06-29;54135
OP01;P05;Frais financiers;2021;V1;2021-06-29;68367
OP01;P05;Frais financiers;2022;V1;2021-06-29;110967
OP01;P05;Frais financiers;2023;V1;2021-06-29;159617
OP01;P05;Frais financiers;2024;V1;2021-06-29;202767
OP01;P05;Frais financiers;2025;V1;2021-06-29;227156
OP01;P05;Frais financiers;2026;V1;2021-06-29;224306
OP01;P05;Frais financiers;2027;V1;2021-06-29;195240
OP01;P05;Frais financiers;2028;V1;2021-06-29;149896
OP01;P05;Frais financiers;2029;V1;2021-06-29;101683
OP01;P06;Rémunération concessionnaire;2021;V1;2021-06-29;170501
OP01;P06;Rémunération concessionnaire;2022;V1;2021-06-29;182272
OP01;P06;Rémunération concessionnaire;2023;V1;2021-06-29;191180
OP01;P06;Rémunération concessionnaire;2024;V1;2021-06-29;196735
OP01;P06;Rémunération concessionnaire;2025;V1;2021-06-29;198623
OP01;P06;Rémunération concessionnaire;2026;V1;2021-06-29;196735
OP01;P06;Rémunération concessionnaire;2027;V1;2021-06-29;191180
OP01;P06;Rémunération concessionnaire;2028;V1;2021-06-29;182272
OP01;P06;Rémunération concessionnaire;2029;V1;2021-06-29;170501
OP01;P07;Aléas et divers;2021;V1;2021-06-29;5254
OP01;P07;Aléas et divers;2022;V1;2021-06-29;11879
OP01;P07;Aléas et divers;2023;V1;2021-06-29;32533
OP01;P07;Aléas et divers;2024;V1;2021-06-29;80820
OP01;P07;Aléas et divers;2025;V1;2021-06-29;163369
OP01;P07;Aléas et divers;2026;V1;2021-06-29;260700
OP01;P07;Aléas et divers;2027;V1;2021-06-29;325651
OP01;P07;Aléas et divers;2028;V1;2021-06-29;317692
OP01;P07;Aléas et divers;2029;V1;2021-06-29;242101
OP01;P01;Études;2021;V2;2022-06-29;288200
OP01;P01;Études;2022;V2;2022-06-29;354130
OP01;P01;Études;2023;V2;2022-06-29;219164
OP01;P01;Études;2024;V2;2022-06-29;69770
OP01;P01;Études;2025;V2;2022-06-29;13709
OP01;P01;Études;2026;V2;2022-06-29;4332
OP01;P01;Études;2027;V2;2022-06-29;3585
OP01;P01;Études;2028;V2;2022-06-29;3555
OP01;P01;Études;2029;V2;2022-06-29;3555
OP01;P02;Acquisitions foncières;2021;V2;2022-06-29;988157
OP01;P02;Acquisitions foncières;2022;V2;2022-06-29;1420095
OP01;P02;Acquisitions foncières;2023;V2;2022-06-29;1387536
OP01;P02;Acquisitions foncières;2024;V2;2022-06-29;922054
OP01;P02;Acquisitions foncières;2025;V2;2022-06-29;420437
OP01;P02;Acquisitions foncières;2026;V2;2022-06-29;137408
OP01;P02;Acquisitions foncières;2027;V2;2022-06-29;39743
OP01;P02;Acquisitions foncières;2028;V2;2022-06-29;18080
OP01;P02;Acquisitions foncières;2029;V2;2022-06-29;14923
OP01;P03;Travaux VRD;2021;V2;2022-06-29;348024
OP01;P03;Travaux VRD;2022;V2;2022-06-29;901893
OP01;P03;Travaux VRD;2023;V2;2022-06-29;1751278
OP01;P03;Travaux VRD;2024;V2;2022-06-29;2486804
OP01;P03;Travaux VRD;2025;V2;2022-06-29;2567540
OP01;P03;Travaux VRD;2026;V2;2022-06-29;1926721
OP01;P03;Travaux VRD;2027;V2;2022-06-29;1055312
OP01;P03;Travaux VRD;2028;V2;2022-06-29;429653
OP01;P03;Travaux VRD;2029;V2;2022-06-29;140665
OP01;P04;Honoraires techniques;2021;V2;2022-06-29;74496
OP01;P04;Honoraires techniques;2022;V2;2022-06-29;165924
OP01;P04;Honoraires techniques;2023;V2;2022-06-29;294314
OP01;P04;Honoraires techniques;2024;V2;2022-06-29;409672
OP01;P04;Honoraires techniques;2025;V2;2022-06-29;445624
OP01;P04;Honoraires techniques;2026;V2;2022-06-29;378515
OP01;P04;Honoraires techniques;2027;V2;2022-06-29;251452
OP01;P04;Honoraires techniques;2028;V2;2022-06-29;131465
OP01;P04;Honoraires techniques;2029;V2;2022-06-29;55307
OP01;P05;Frais financiers;2021;V2;2022-06-29;68367
OP01;P05;Frais financiers;2022;V2;2022-06-29;110967
OP01;P05;Frais financiers;2023;V2;2022-06-29;159617
OP01;P05;Frais financiers;2024;V2;2022-06-29;202767
OP01;P05;Frais financiers;2025;V2;2022-06-29;227156
OP01;P05;Frais financiers;2026;V2;2022-06-29;224306
OP01;P05;Frais financiers;2027;V2;2022-06-29;195240
OP01;P05;Frais financiers;2028;V2;2022-06-29;149896
OP01;P05;Frais financiers;2029;V2;2022-06-29;101683
OP01;P06;Rémunération concessionnaire;2021;V2;2022-06-29;170501
OP01;P06;Rémunération concessionnaire;2022;V2;2022-06-29;182272
OP01;P06;Rémunération concessionnaire;2023;V2;2022-06-29;191180
OP01;P06;Rémunération concessionnaire;2024;V2;2022-06-29;196735
OP01;P06;Rémunération concessionnaire;2025;V2;2022-06-29;198623
OP01;P06;Rémunération concessionnaire;2026;V2;2022-06-29;196735
OP01;P06;Rémunération concessionnaire;2027;V2;2022-06-29;191180
OP01;P06;Rémunération concessionnaire;2028;V2;2022-06-29;182272
OP01;P06;Rémunération concessionnaire;2029;V2;2022-06-29;170501
OP01;P07;Aléas et divers;2021;V2;2022-06-29;5077
OP01;P07;Aléas et divers;2022;V2;2022-06-29;11480
OP01;P07;Aléas et divers;2023;V2;2022-06-29;31438
OP01;P07;Aléas et divers;2024;V2;2022-06-29;78100
OP01;P07;Aléas et divers;2025;V2;2022-06-29;157872
OP01;P07;Aléas et divers;2026;V2;2022-06-29;251928
OP01;P07;Aléas et divers;2027;V2;2022-06-29;314694
OP01;P07;Aléas et divers;2028;V2;2022-06-29;307002
OP01;P07;Aléas et divers;2029;V2;2022-06-29;233955
OP01;P01;Études;2021;V3;2023-06-29;288200
OP01;P01;Études;2022;V3;2023-06-29;354130
OP01;P01;Études;2023;V3;2023-06-29;219164
OP01;P01;Études;2024;V3;2023-06-29;69770
OP01;P01;Études;2025;V3;2023-06-29;13709
OP01;P01;Études;2026;V3;2023-06-29;4332
OP01;P01;Études;2027;V3;2023-06-29;3585
OP01;P01;Études;2028;V3;2023-06-29;3555
OP01;P01;Études;2029;V3;2023-06-29;3555
OP01;P02;Acquisitions foncières;2021;V3;2023-06-29;992694
OP01;P02;Acquisitions foncières;2022;V3;2023-06-29;1426616
OP01;P02;Acquisitions foncières;2023;V3;2023-06-29;1393908
OP01;P02;Acquisitions foncières;2024;V3;2023-06-29;926288
OP01;P02;Acquisitions foncières;2025;V3;2023-06-29;422367
OP01;P02;Acquisitions foncières;2026;V3;2023-06-29;138039
OP01;P02;Acquisitions foncières;2027;V3;2023-06-29;39925
OP01;P02;Acquisitions foncières;2028;V3;2023-06-29;18164
OP01;P02;Acquisitions foncières;2029;V3;2023-06-29;14992
OP01;P03;Travaux VRD;2021;V3;2023-06-29;180805
OP01;P03;Travaux VRD;2022;V3;2023-06-29;539445
OP01;P03;Travaux VRD;2023;V3;2023-06-29;1266885
OP01;P03;Travaux VRD;2024;V3;2023-06-29;2200741
OP01;P03;Travaux VRD;2025;V3;2023-06-29;2787084
OP01;P03;Travaux VRD;2026;V3;2023-06-29;2564938
OP01;P03;Travaux VRD;2027;V3;2023-06-29;1717042
OP01;P03;Travaux VRD;2028;V3;2023-06-29;842215
OP01;P03;Travaux VRD;2029;V3;2023-06-29;312136
OP01;P04;Honoraires techniques;2021;V3;2023-06-29;76126
OP01;P04;Honoraires techniques;2022;V3;2023-06-29;169554
OP01;P04;Honoraires techniques;2023;V3;2023-06-29;300753
OP01;P04;Honoraires techniques;2024;V3;2023-06-29;418634
OP01;P04;Honoraires techniques;2025;V3;2023-06-29;455373
OP01;P04;Honoraires techniques;2026;V3;2023-06-29;386796
OP01;P04;Honoraires techniques;2027;V3;2023-06-29;256953
OP01;P04;Honoraires techniques;2028;V3;2023-06-29;134341
OP01;P04;Honoraires techniques;2029;V3;2023-06-29;56517
OP01;P05;Frais financiers;2021;V3;2023-06-29;68367
OP01;P05;Frais financiers;2022;V3;2023-06-29;110967
OP01;P05;Frais financiers;2023;V3;2023-06-29;159617
OP01;P05;Frais financiers;2024;V3;2023-06-29;202767
OP01;P05;Frais financiers;2025;V3;2023-06-29;227156
OP01;P05;Frais financiers;2026;V3;2023-06-29;224306
OP01;P05;Frais financiers;2027;V3;2023-06-29;195240
OP01;P05;Frais financiers;2028;V3;2023-06-29;149896
OP01;P05;Frais financiers;2029;V3;2023-06-29;101683
OP01;P06;Rémunération concessionnaire;2021;V3;2023-06-29;170501
OP01;P06;Rémunération concessionnaire;2022;V3;2023-06-29;182272
OP01;P06;Rémunération concessionnaire;2023;V3;2023-06-29;191180
OP01;P06;Rémunération concessionnaire;2024;V3;2023-06-29;196735
OP01;P06;Rémunération concessionnaire;2025;V3;2023-06-29;198623
OP01;P06;Rémunération concessionnaire;2026;V3;2023-06-29;196735
OP01;P06;Rémunération concessionnaire;2027;V3;2023-06-29;191180
OP01;P06;Rémunération concessionnaire;2028;V3;2023-06-29;182272
OP01;P06;Rémunération concessionnaire;2029;V3;2023-06-29;170501
OP01;P07;Aléas et divers;2021;V3;2023-06-29;4884
OP01;P07;Aléas et divers;2022;V3;2023-06-29;11044
OP01;P07;Aléas et divers;2023;V3;2023-06-29;30244
OP01;P07;Aléas et divers;2024;V3;2023-06-29;75134
OP01;P07;Aléas et divers;2025;V3;2023-06-29;151875
OP01;P07;Aléas et divers;2026;V3;2023-06-29;242359
OP01;P07;Aléas et divers;2027;V3;2023-06-29;302740
OP01;P07;Aléas et divers;2028;V3;2023-06-29;295341
OP01;P07;Aléas et divers;2029;V3;2023-06-29;225068
OP02;P01;Études;2022;V1;2022-09-29;216150
OP02;P01;Études;2023;V1;2022-09-29;265598
OP02;P01;Études;2024;V1;2022-09-29;164373
OP02;P01;Études;2025;V1;2022-09-29;52327
OP02;P01;Études;2026;V1;2022-09-29;10282
OP02;P01;Études;2027;V1;2022-09-29;3249
OP02;P01;Études;2028;V1;2022-09-29;2688
OP02;P01;Études;2029;V1;2022-09-29;2667
OP02;P01;Études;2030;V1;2022-09-29;2666
OP02;P02;Acquisitions foncières;2022;V1;2022-09-29;731635
OP02;P02;Acquisitions foncières;2023;V1;2022-09-29;1051443
OP02;P02;Acquisitions foncières;2024;V1;2022-09-29;1027337
OP02;P02;Acquisitions foncières;2025;V1;2022-09-29;682693
OP02;P02;Acquisitions foncières;2026;V1;2022-09-29;311293
OP02;P02;Acquisitions foncières;2027;V1;2022-09-29;101737
OP02;P02;Acquisitions foncières;2028;V1;2022-09-29;29426
OP02;P02;Acquisitions foncières;2029;V1;2022-09-29;13387
OP02;P02;Acquisitions foncières;2030;V1;2022-09-29;11049
OP02;P03;Travaux VRD;2022;V1;2022-09-29;248248
OP02;P03;Travaux VRD;2023;V1;2022-09-29;643327
OP02;P03;Travaux VRD;2024;V1;2022-09-29;1249201
OP02;P03;Travaux VRD;2025;V1;2022-09-29;1773857
OP02;P03;Travaux VRD;2026;V1;2022-09-29;1831447
OP02;P03;Travaux VRD;2027;V1;2022-09-29;1374345
OP02;P03;Travaux VRD;2028;V1;2022-09-29;752762
OP02;P03;Travaux VRD;2029;V1;2022-09-29;306475
OP02;P03;Travaux VRD;2030;V1;2022-09-29;100337
OP02;P04;Honoraires techniques;2022;V1;2022-09-29;54688
OP02;P04;Honoraires techniques;2023;V1;2022-09-29;121806
OP02;P04;Honoraires techniques;2024;V1;2022-09-29;216057
OP02;P04;Honoraires techniques;2025;V1;2022-09-29;300742
OP02;P04;Honoraires techniques;2026;V1;2022-09-29;327135
OP02;P04;Honoraires techniques;2027;V1;2022-09-29;277870
OP02;P04;Honoraires techniques;2028;V1;2022-09-29;184592
OP02;P04;Honoraires techniques;2029;V1;2022-09-29;96509
OP02;P04;Honoraires techniques;2030;V1;2022-09-29;40601
OP02;P05;Frais financiers;2022;V1;2022-09-29;51275
OP02;P05;Frais financiers;2023;V1;2022-09-29;83225
OP02;P05;Frais financiers;2024;V1;2022-09-29;119713
OP02;P05;Frais financiers;2025;V1;2022-09-29;152075
OP02;P05;Frais financiers;2026;V1;2022-09-29;170367
OP02;P05;Frais financiers;2027;V1;2022-09-29;168230
OP02;P05;Frais financiers;2028;V1;2022-09-29;146430
OP02;P05;Frais financiers;2029;V1;2022-09-29;112422
OP02;P05;Frais financiers;2030;V1;2022-09-29;76262
OP02;P06;Rémunération concessionnaire;2022;V1;2022-09-29;127875
OP02;P06;Rémunération concessionnaire;2023;V1;2022-09-29;136704
OP02;P06;Rémunération concessionnaire;2024;V1;2022-09-29;143385
OP02;P06;Rémunération concessionnaire;2025;V1;2022-09-29;147552
OP02;P06;Rémunération concessionnaire;2026;V1;2022-09-29;148967
OP02;P06;Rémunération concessionnaire;2027;V1;2022-09-29;147552
OP02;P06;Rémunération concessionnaire;2028;V1;2022-09-29;143385
OP02;P06;Rémunération concessionnaire;2029;V1;2022-09-29;136704
OP02;P06;Rémunération concessionnaire;2030;V1;2022-09-29;127875
OP02;P07;Aléas et divers;2022;V1;2022-09-29;3941
OP02;P07;Aléas et divers;2023;V1;2022-09-29;8910
OP02;P07;Aléas et divers;2024;V1;2022-09-29;24400
OP02;P07;Aléas et divers;2025;V1;2022-09-29;60615
OP02;P07;Aléas et divers;2026;V1;2022-09-29;122527
OP02;P07;Aléas et divers;2027;V1;2022-09-29;195525
OP02;P07;Aléas et divers;2028;V1;2022-09-29;244238
OP02;P07;Aléas et divers;2029;V1;2022-09-29;238269
OP02;P07;Aléas et divers;2030;V1;2022-09-29;181576
OP02;P01;Études;2022;V2;2023-09-29;216150
OP02;P01;Études;2023;V2;2023-09-29;265598
OP02;P01;Études;2024;V2;2023-09-29;164373
OP02;P01;Études;2025;V2;2023-09-29;52327
OP02;P01;Études;2026;V2;2023-09-29;10282
OP02;P01;Études;2027;V2;2023-09-29;3249
OP02;P01;Études;2028;V2;2023-09-29;2688
OP02;P01;Études;2029;V2;2023-09-29;2667
OP02;P01;Études;2030;V2;2023-09-29;2666
OP02;P02;Acquisitions foncières;2022;V2;2023-09-29;749226
OP02;P02;Acquisitions foncières;2023;V2;2023-09-29;1076725
OP02;P02;Acquisitions foncières;2024;V2;2023-09-29;1052039
OP02;P02;Acquisitions foncières;2025;V2;2023-09-29;699107
OP02;P02;Acquisitions foncières;2026;V2;2023-09-29;318778
OP02;P02;Acquisitions foncières;2027;V2;2023-09-29;104183
OP02;P02;Acquisitions foncières;2028;V2;2023-09-29;30133
OP02;P02;Acquisitions foncières;2029;V2;2023-09-29;13709
OP02;P02;Acquisitions foncières;2030;V2;2023-09-29;11315
OP02;P03;Travaux VRD;2022;V2;2023-09-29;259068
OP02;P03;Travaux VRD;2023;V2;2023-09-29;671367
OP02;P03;Travaux VRD;2024;V2;2023-09-29;1303647
OP02;P03;Travaux VRD;2025;V2;2023-09-29;1851171
OP02;P03;Travaux VRD;2026;V2;2023-09-29;1911270
OP02;P03;Travaux VRD;2027;V2;2023-09-29;1434246
OP02;P03;Travaux VRD;2028;V2;2023-09-29;785572
OP02;P03;Travaux VRD;2029;V2;2023-09-29;319833
OP02;P03;Travaux VRD;2030;V2;2023-09-29;104711
OP02;P04;Honoraires techniques;2022;V2;2023-09-29;54362
OP02;P04;Honoraires techniques;2023;V2;2023-09-29;121081
OP02;P04;Honoraires techniques;2024;V2;2023-09-29;214771
OP02;P04;Honoraires techniques;2025;V2;2023-09-29;298952
OP02;P04;Honoraires techniques;2026;V2;2023-09-29;325188
OP02;P04;Honoraires techniques;2027;V2;2023-09-29;276216
OP02;P04;Honoraires techniques;2028;V2;2023-09-29;183494
OP02;P04;Honoraires techniques;2029;V2;2023-09-29;95935
OP02;P04;Honoraires techniques;2030;V2;2023-09-29;40360
OP02;P05;Frais financiers;2022;V2;2023-09-29;51275
OP02;P05;Frais financiers;2023;V2;2023-09-29;83225
OP02;P05;Frais financiers;2024;V2;2023-09-29;119713
OP02;P05;Frais financiers;2025;V2;2023-09-29;152075
OP02;P05;Frais financiers;2026;V2;2023-09-29;170367
OP02;P05;Frais financiers;2027;V2;2023-09-29;168230
OP02;P05;Frais financiers;2028;V2;2023-09-29;146430
OP02;P05;Frais financiers;2029;V2;2023-09-29;112422
OP02;P05;Frais financiers;2030;V2;2023-09-29;76262
OP02;P06;Rémunération concessionnaire;2022;V2;2023-09-29;127875
OP02;P06;Rémunération concessionnaire;2023;V2;2023-09-29;136704
OP02;P06;Rémunération concessionnaire;2024;V2;2023-09-29;143385
OP02;P06;Rémunération concessionnaire;2025;V2;2023-09-29;147552
OP02;P06;Rémunération concessionnaire;2026;V2;2023-09-29;148967
OP02;P06;Rémunération concessionnaire;2027;V2;2023-09-29;147552
OP02;P06;Rémunération concessionnaire;2028;V2;2023-09-29;143385
OP02;P06;Rémunération concessionnaire;2029;V2;2023-09-29;136704
OP02;P06;Rémunération concessionnaire;2030;V2;2023-09-29;127875
OP02;P07;Aléas et divers;2022;V2;2023-09-29;3623
OP02;P07;Aléas et divers;2023;V2;2023-09-29;8191
OP02;P07;Aléas et divers;2024;V2;2023-09-29;22433
OP02;P07;Aléas et divers;2025;V2;2023-09-29;55728
OP02;P07;Aléas et divers;2026;V2;2023-09-29;112650
OP02;P07;Aléas et divers;2027;V2;2023-09-29;179764
OP02;P07;Aléas et divers;2028;V2;2023-09-29;224550
OP02;P07;Aléas et divers;2029;V2;2023-09-29;219062
OP02;P07;Aléas et divers;2030;V2;2023-09-29;166938
OP02;P01;Études;2022;V3;2024-09-28;216150
OP02;P01;Études;2023;V3;2024-09-28;265598
OP02;P01;Études;2024;V3;2024-09-28;164373
OP02;P01;Études;2025;V3;2024-09-28;52327
OP02;P01;Études;2026;V3;2024-09-28;10282
OP02;P01;Études;2027;V3;2024-09-28;3249
OP02;P01;Études;2028;V3;2024-09-28;2688
OP02;P01;Études;2029;V3;2024-09-28;2667
OP02;P01;Études;2030;V3;2024-09-28;2666
OP02;P02;Acquisitions foncières;2022;V3;2024-09-28;779119
OP02;P02;Acquisitions foncières;2023;V3;2024-09-28;1119684
OP02;P02;Acquisitions foncières;2024;V3;2024-09-28;1094013
OP02;P02;Acquisitions foncières;2025;V3;2024-09-28;727000
OP02;P02;Acquisitions foncières;2026;V3;2024-09-28;331496
OP02;P02;Acquisitions foncières;2027;V3;2024-09-28;108340
OP02;P02;Acquisitions foncières;2028;V3;2024-09-28;31336
OP02;P02;Acquisitions foncières;2029;V3;2024-09-28;14256
OP02;P02;Acquisitions foncières;2030;V3;2024-09-28;11766
OP02;P03;Travaux VRD;2022;V3;2024-09-28;129031
OP02;P03;Travaux VRD;2023;V3;2024-09-28;384973
OP02;P03;Travaux VRD;2024;V3;2024-09-28;904108
OP02;P03;Travaux VRD;2025;V3;2024-09-28;1570550
OP02;P03;Travaux VRD;2026;V3;2024-09-28;1988991
OP02;P03;Travaux VRD;2027;V3;2024-09-28;1830458
OP02;P03;Travaux VRD;2028;V3;2024-09-28;1225361
OP02;P03;Travaux VRD;2029;V3;2024-09-28;601043
OP02;P03;Travaux VRD;2030;V3;2024-09-28;222755
OP02;P04;Honoraires techniques;2022;V3;2024-09-28;52952
OP02;P04;Honoraires techniques;2023;V3;2024-09-28;117939
OP02;P04;Honoraires techniques;2024;V3;2024-09-28;209198
OP02;P04;Honoraires techniques;2025;V3;2024-09-28;291194
OP02;P04;Honoraires techniques;2026;V3;2024-09-28;316749
OP02;P04;Honoraires techniques;2027;V3;2024-09-28;269048
OP02;P04;Honoraires techniques;2028;V3;2024-09-28;178732
OP02;P04;Honoraires techniques;2029;V3;2024-09-28;93445
OP02;P04;Honoraires techniques;2030;V3;2024-09-28;39312
OP02;P05;Frais financiers;2022;V3;2024-09-28;51275
OP02;P05;Frais financiers;2023;V3;2024-09-28;83225
OP02;P05;Frais financiers;2024;V3;2024-09-28;119713
OP02;P05;Frais financiers;2025;V3;2024-09-28;152075
OP02;P05;Frais financiers;2026;V3;2024-09-28;170367
OP02;P05;Frais financiers;2027;V3;2024-09-28;168230
OP02;P05;Frais financiers;2028;V3;2024-09-28;146430
OP02;P05;Frais financiers;2029;V3;2024-09-28;112422
OP02;P05;Frais financiers;2030;V3;2024-09-28;76262
OP02;P06;Rémunération concessionnaire;2022;V3;2024-09-28;127875
OP02;P06;Rémunération concessionnaire;2023;V3;2024-09-28;136704
OP02;P06;Rémunération concessionnaire;2024;V3;2024-09-28;143385
OP02;P06;Rémunération concessionnaire;2025;V3;2024-09-28;147552
OP02;P06;Rémunération concessionnaire;2026;V3;2024-09-28;148967
OP02;P06;Rémunération concessionnaire;2027;V3;2024-09-28;147552
OP02;P06;Rémunération concessionnaire;2028;V3;2024-09-28;143385
OP02;P06;Rémunération concessionnaire;2029;V3;2024-09-28;136704
OP02;P06;Rémunération concessionnaire;2030;V3;2024-09-28;127875
OP02;P07;Aléas et divers;2022;V3;2024-09-28;3867
OP02;P07;Aléas et divers;2023;V3;2024-09-28;8743
OP02;P07;Aléas et divers;2024;V3;2024-09-28;23944
OP02;P07;Aléas et divers;2025;V3;2024-09-28;59483
OP02;P07;Aléas et divers;2026;V3;2024-09-28;120238
OP02;P07;Aléas et divers;2027;V3;2024-09-28;191873
OP02;P07;Aléas et divers;2028;V3;2024-09-28;239677
OP02;P07;Aléas et divers;2029;V3;2024-09-28;233819
OP02;P07;Aléas et divers;2030;V3;2024-09-28;178184
OP03;P01;Études;2023;V1;2023-05-01;163684
OP03;P01;Études;2024;V1;2023-05-01;124475
OP03;P01;Études;2025;V1;2023-05-01;7786
OP03;P01;Études;2026;V1;2023-05-01;2036
OP03;P01;Études;2027;V1;2023-05-01;2019
OP03;P02;Acquisitions foncières;2023;V1;2023-05-01;571931
OP03;P02;Acquisitions foncières;2024;V1;2023-05-01;803086
OP03;P02;Acquisitions foncières;2025;V1;2023-05-01;243343
OP03;P02;Acquisitions foncières;2026;V1;2023-05-01;23003
OP03;P02;Acquisitions foncières;2027;V1;2023-05-01;8637
OP03;P03;Travaux VRD;2023;V1;2023-05-01;204796
OP03;P03;Travaux VRD;2024;V1;2023-05-01;1030547
OP03;P03;Travaux VRD;2025;V1;2023-05-01;1510880
OP03;P03;Travaux VRD;2026;V1;2023-05-01;621003
OP03;P03;Travaux VRD;2027;V1;2023-05-01;82775
OP03;P04;Honoraires techniques;2023;V1;2023-05-01;44849
OP03;P04;Honoraires techniques;2024;V1;2023-05-01;177188
OP03;P04;Honoraires techniques;2025;V1;2023-05-01;268282
OP03;P04;Honoraires techniques;2026;V1;2023-05-01;151384
OP03;P04;Honoraires techniques;2027;V1;2023-05-01;33297
OP03;P05;Frais financiers;2023;V1;2023-05-01;40908
OP03;P05;Frais financiers;2024;V1;2023-05-01;95508
OP03;P05;Frais financiers;2025;V1;2023-05-01;135920
OP03;P05;Frais financiers;2026;V1;2023-05-01;116823
OP03;P05;Frais financiers;2027;V1;2023-05-01;60842
OP03;P06;Rémunération concessionnaire;2023;V1;2023-05-01;97087
OP03;P06;Rémunération concessionnaire;2024;V1;2023-05-01;108863
OP03;P06;Rémunération concessionnaire;2025;V1;2023-05-01;113101
OP03;P06;Rémunération concessionnaire;2026;V1;2023-05-01;108863
OP03;P06;Rémunération concessionnaire;2027;V1;2023-05-01;97087
OP03;P07;Aléas et divers;2023;V1;2023-05-01;3075
OP03;P07;Aléas et divers;2024;V1;2023-05-01;19040
OP03;P07;Aléas et divers;2025;V1;2023-05-01;95611
OP03;P07;Aléas et divers;2026;V1;2023-05-01;190586
OP03;P07;Aléas et divers;2027;V1;2023-05-01;141688
OP03;P01;Études;2023;V2;2024-04-30;163684
OP03;P01;Études;2024;V2;2024-04-30;124475
OP03;P01;Études;2025;V2;2024-04-30;7786
OP03;P01;Études;2026;V2;2024-04-30;2036
OP03;P01;Études;2027;V2;2024-04-30;2019
OP03;P02;Acquisitions foncières;2023;V2;2024-04-30;589444
OP03;P02;Acquisitions foncières;2024;V2;2024-04-30;827678
OP03;P02;Acquisitions foncières;2025;V2;2024-04-30;250794
OP03;P02;Acquisitions foncières;2026;V2;2024-04-30;23707
OP03;P02;Acquisitions foncières;2027;V2;2024-04-30;8902
OP03;P03;Travaux VRD;2023;V2;2024-04-30;211852
OP03;P03;Travaux VRD;2024;V2;2024-04-30;1066053
OP03;P03;Travaux VRD;2025;V2;2024-04-30;1562934
OP03;P03;Travaux VRD;2026;V2;2024-04-30;642398
OP03;P03;Travaux VRD;2027;V2;2024-04-30;85627
OP03;P04;Honoraires techniques;2023;V2;2024-04-30;44172
OP03;P04;Honoraires techniques;2024;V2;2024-04-30;174513
OP03;P04;Honoraires techniques;2025;V2;2024-04-30;264232
OP03;P04;Honoraires techniques;2026;V2;2024-04-30;149098
OP03;P04;Honoraires techniques;2027;V2;2024-04-30;32794
OP03;P05;Frais financiers;2023;V2;2024-04-30;40908
OP03;P05;Frais financiers;2024;V2;2024-04-30;95508
OP03;P05;Frais financiers;2025;V2;2024-04-30;135920
OP03;P05;Frais financiers;2026;V2;2024-04-30;116823
OP03;P05;Frais financiers;2027;V2;2024-04-30;60842
OP03;P06;Rémunération concessionnaire;2023;V2;2024-04-30;97087
OP03;P06;Rémunération concessionnaire;2024;V2;2024-04-30;108863
OP03;P06;Rémunération concessionnaire;2025;V2;2024-04-30;113101
OP03;P06;Rémunération concessionnaire;2026;V2;2024-04-30;108863
OP03;P06;Rémunération concessionnaire;2027;V2;2024-04-30;97087
OP03;P07;Aléas et divers;2023;V2;2024-04-30;3359
OP03;P07;Aléas et divers;2024;V2;2024-04-30;20799
OP03;P07;Aléas et divers;2025;V2;2024-04-30;104444
OP03;P07;Aléas et divers;2026;V2;2024-04-30;208194
OP03;P07;Aléas et divers;2027;V2;2024-04-30;154779
OP03;P01;Études;2023;V3;2025-04-30;163684
OP03;P01;Études;2024;V3;2025-04-30;124475
OP03;P01;Études;2025;V3;2025-04-30;7786
OP03;P01;Études;2026;V3;2025-04-30;2036
OP03;P01;Études;2027;V3;2025-04-30;2019
OP03;P02;Acquisitions foncières;2023;V3;2025-04-30;611502
OP03;P02;Acquisitions foncières;2024;V3;2025-04-30;858651
OP03;P02;Acquisitions foncières;2025;V3;2025-04-30;260180
OP03;P02;Acquisitions foncières;2026;V3;2025-04-30;24594
OP03;P02;Acquisitions foncières;2027;V3;2025-04-30;9235
OP03;P03;Travaux VRD;2023;V3;2025-04-30;108708
OP03;P03;Travaux VRD;2024;V3;2025-04-30;761707
OP03;P03;Travaux VRD;2025;V3;2025-04-30;1675717
OP03;P03;Travaux VRD;2026;V3;2025-04-30;1032361
OP03;P03;Travaux VRD;2027;V3;2025-04-30;187670
OP03;P04;Honoraires techniques;2023;V3;2025-04-30;44927
OP03;P04;Honoraires techniques;2024;V3;2025-04-30;177493
OP03;P04;Honoraires techniques;2025;V3;2025-04-30;268744
OP03;P04;Honoraires techniques;2026;V3;2025-04-30;151644
OP03;P04;Honoraires techniques;2027;V3;2025-04-30;33354
OP03;P05;Frais financiers;2023;V3;2025-04-30;40908
OP03;P05;Frais financiers;2024;V3;2025-04-30;95508
OP03;P05;Frais financiers;2025;V3;2025-04-30;135920
OP03;P05;Frais financiers;2026;V3;2025-04-30;116823
OP03;P05;Frais financiers;2027;V3;2025-04-30;60842
OP03;P06;Rémunération concessionnaire;2023;V3;2025-04-30;97087
OP03;P06;Rémunération concessionnaire;2024;V3;2025-04-30;108863
OP03;P06;Rémunération concessionnaire;2025;V3;2025-04-30;113101
OP03;P06;Rémunération concessionnaire;2026;V3;2025-04-30;108863
OP03;P06;Rémunération concessionnaire;2027;V3;2025-04-30;97087
OP03;P07;Aléas et divers;2023;V3;2025-04-30;3142
OP03;P07;Aléas et divers;2024;V3;2025-04-30;19457
OP03;P07;Aléas et divers;2025;V3;2025-04-30;97705
OP03;P07;Aléas et divers;2026;V3;2025-04-30;194761
OP03;P07;Aléas et divers;2027;V3;2025-04-30;144792
OP04;P01;Études;2020;V1;2020-12-30;336233
OP04;P01;Études;2021;V1;2020-12-30;413152
OP04;P01;Études;2022;V1;2020-12-30;255691
OP04;P01;Études;2023;V1;2020-12-30;81398
OP04;P01;Études;2024;V1;2020-12-30;15994
OP04;P01;Études;2025;V1;2020-12-30;5054
OP04;P01;Études;2026;V1;2020-12-30;4182
OP04;P01;Études;2027;V1;2020-12-30;4148
OP04;P01;Études;2028;V1;2020-12-30;4147
OP04;P02;Acquisitions foncières;2020;V1;2020-12-30;1138099
OP04;P02;Acquisitions foncières;2021;V1;2020-12-30;1635579
OP04;P02;Acquisitions foncières;2022;V1;2020-12-30;1598080
OP04;P02;Acquisitions foncières;2023;V1;2020-12-30;1061966
OP04;P02;Acquisitions foncières;2024;V1;2020-12-30;484234
OP04;P02;Acquisitions foncières;2025;V1;2020-12-30;158258
OP04;P02;Acquisitions foncières;2026;V1;2020-12-30;45773
OP04;P02;Acquisitions foncières;2027;V1;2020-12-30;20824
OP04;P02;Acquisitions foncières;2028;V1;2020-12-30;17188
OP04;P03;Travaux VRD;2020;V1;2020-12-30;386164
OP04;P03;Travaux VRD;2021;V1;2020-12-30;1000732
OP04;P03;Travaux VRD;2022;V1;2020-12-30;1943201
OP04;P03;Travaux VRD;2023;V1;2020-12-30;2759333
OP04;P03;Travaux VRD;2024;V1;2020-12-30;2848917
OP04;P03;Travaux VRD;2025;V1;2020-12-30;2137870
OP04;P03;Travaux VRD;2026;V1;2020-12-30;1170964
OP04;P03;Travaux VRD;2027;V1;2020-12-30;476739
OP04;P03;Travaux VRD;2028;V1;2020-12-30;156080
OP04;P04;Honoraires techniques;2020;V1;2020-12-30;85070
OP04;P04;Honoraires techniques;2021;V1;2020-12-30;189476
OP04;P04;Honoraires techniques;2022;V1;2020-12-30;336089
OP04;P04;Honoraires techniques;2023;V1;2020-12-30;467821
OP04;P04;Honoraires techniques;2024;V1;2020-12-30;508876
OP04;P04;Honoraires techniques;2025;V1;2020-12-30;432242
OP04;P04;Honoraires techniques;2026;V1;2020-12-30;287143
OP04;P04;Honoraires techniques;2027;V1;2020-12-30;150125
OP04;P04;Honoraires techniques;2028;V1;2020-12-30;63158
OP04;P05;Frais financiers;2020;V1;2020-12-30;79762
OP04;P05;Frais financiers;2021;V1;2020-12-30;129461
OP04;P05;Frais financiers;2022;V1;2020-12-30;186220
OP04;P05;Frais financiers;2023;V1;2020-12-30;236562
OP04;P05;Frais financiers;2024;V1;2020-12-30;265016
OP04;P05;Frais financiers;2025;V1;2020-12-30;261691
OP04;P05;Frais financiers;2026;V1;2020-12-30;227780
OP04;P05;Frais financiers;2027;V1;2020-12-30;174879
OP04;P05;Frais financiers;2028;V1;2020-12-30;118630
OP04;P06;Rémunération concessionnaire;2020;V1;2020-12-30;198917
OP04;P06;Rémunération concessionnaire;2021;V1;2020-12-30;212651
OP04;P06;Rémunération concessionnaire;2022;V1;2020-12-30;223044
OP04;P06;Rémunération concessionnaire;2023;V1;2020-12-30;229525
OP04;P06;Rémunération concessionnaire;2024;V1;2020-12-30;231727
OP04;P06;Rémunération concessionnaire;2025;V1;2020-12-30;229525
OP04;P06;Rémunération concessionnaire;2026;V1;2020-12-30;223044
OP04;P06;Rémunération concessionnaire;2027;V1;2020-12-30;212651
OP04;P06;Rémunération concessionnaire;2028;V1;2020-12-30;198917
OP04;P07;Aléas et divers;2020;V1;2020-12-30;6130
OP04;P07;Aléas et divers;2021;V1;2020-12-30;13859
OP04;P07;Aléas et divers;2022;V1;2020-12-30;37955
OP04;P07;Aléas et divers;2023;V1;2020-12-30;94290
OP04;P07;Aléas et divers;2024;V1;2020-12-30;190597
OP04;P07;Aléas et divers;2025;V1;2020-12-30;304151
OP04;P07;Aléas et divers;2026;V1;2020-12-30;379927
OP04;P07;Aléas et divers;2027;V1;2020-12-30;370641
OP04;P07;Aléas et divers;2028;V1;2020-12-30;282451
OP04;P01;Études;2020;V2;2021-12-30;336233
OP04;P01;Études;2021;V2;2021-12-30;413152
OP04;P01;Études;2022;V2;2021-12-30;255691
OP04;P01;Études;2023;V2;2021-12-30;81398
OP04;P01;Études;2024;V2;2021-12-30;15994
OP04;P01;Études;2025;V2;2021-12-30;5054
OP04;P01;Études;2026;V2;2021-12-30;4182
OP04;P01;Études;2027;V2;2021-12-30;4148
OP04;P01;Études;2028;V2;2021-12-30;4147
OP04;P02;Acquisitions foncières;2020;V2;2021-12-30;1149218
OP04;P02;Acquisitions foncières;2021;V2;2021-12-30;1651559
OP04;P02;Acquisitions foncières;2022;V2;2021-12-30;1613694
OP04;P02;Acquisitions foncières;2023;V2;2021-12-30;1072342
OP04;P02;Acquisitions foncières;2024;V2;2021-12-30;488965
OP04;P02;Acquisitions foncières;2025;V2;2021-12-30;159804
OP04;P02;Acquisitions foncières;2026;V2;2021-12-30;46221
OP04;P02;Acquisitions foncières;2027;V2;2021-12-30;21027
OP04;P02;Acquisitions foncières;2028;V2;2021-12-30;17356
OP04;P03;Travaux VRD;2020;V2;2021-12-30;410243
OP04;P03;Travaux VRD;2021;V2;2021-12-30;1063132
OP04;P03;Travaux VRD;2022;V2;2021-12-30;2064369
OP04;P03;Travaux VRD;2023;V2;2021-12-30;2931390
OP04;P03;Travaux VRD;2024;V2;2021-12-30;3026560
OP04;P03;Travaux VRD;2025;V2;2021-12-30;2271177
OP04;P03;Travaux VRD;2026;V2;2021-12-30;1243979
OP04;P03;Travaux VRD;2027;V2;2021-12-30;506466
OP04;P03;Travaux VRD;2028;V2;2021-12-30;165813
OP04;P04;Honoraires techniques;2020;V2;2021-12-30;83600
OP04;P04;Honoraires techniques;2021;V2;2021-12-30;186202
OP04;P04;Honoraires techniques;2022;V2;2021-12-30;330282
OP04;P04;Honoraires techniques;2023;V2;2021-12-30;459738
OP04;P04;Honoraires techniques;2024;V2;2021-12-30;500084
OP04;P04;Honoraires techniques;2025;V2;2021-12-30;424773
OP04;P04;Honoraires techniques;2026;V2;2021-12-30;282182
OP04;P04;Honoraires techniques;2027;V2;2021-12-30;147531
OP04;P04;Honoraires techniques;2028;V2;2021-12-30;62066
OP04;P05;Frais financiers;2020;V2;2021-12-30;79762
OP04;P05;Frais financiers;2021;V2;2021-12-30;129461
OP04;P05;Frais financiers;2022;V2;2021-12-30;186220
OP04;P05;Frais financiers;2023;V2;2021-12-30;236562
OP04;P05;Frais financiers;2024;V2;2021-12-30;265016
OP04;P05;Frais financiers;2025;V2;2021-12-30;261691
OP04;P05;Frais financiers;2026;V2;2021-12-30;227780
OP04;P05;Frais financiers;2027;V2;2021-12-30;174879
OP04;P05;Frais financiers;2028;V2;2021-12-30;118630
OP04;P06;Rémunération concessionnaire;2020;V2;2021-12-30;198917
OP04;P06;Rémunération concessionnaire;2021;V2;2021-12-30;212651
OP04;P06;Rémunération concessionnaire;2022;V2;2021-12-30;223044
OP04;P06;Rémunération concessionnaire;2023;V2;2021-12-30;229525
OP04;P06;Rémunération concessionnaire;2024;V2;2021-12-30;231727
OP04;P06;Rémunération concessionnaire;2025;V2;2021-12-30;229525
OP04;P06;Rémunération concessionnaire;2026;V2;2021-12-30;223044
OP04;P06;Rémunération concessionnaire;2027;V2;2021-12-30;212651
OP04;P06;Rémunération concessionnaire;2028;V2;2021-12-30;198917
OP04;P07;Aléas et divers;2020;V2;2021-12-30;5775
OP04;P07;Aléas et divers;2021;V2;2021-12-30;13057
OP04;P07;Aléas et divers;2022;V2;2021-12-30;35759
OP04;P07;Aléas et divers;2023;V2;2021-12-30;88834
OP04;P07;Aléas et divers;2024;V2;2021-12-30;179569
OP04;P07;Aléas et divers;2025;V2;2021-12-30;286551
OP04;P07;Aléas et divers;2026;V2;2021-12-30;357942
OP04;P07;Aléas et divers;2027;V2;2021-12-30;349194
OP04;P07;Aléas et divers;2028;V2;2021-12-30;266107
OP04;P01;Études;2020;V3;2022-12-30;336233
OP04;P01;Études;2021;V3;2022-12-30;413152
OP04;P01;Études;2022;V3;2022-12-30;255691
OP04;P01;Études;2023;V3;2022-12-30;81398
OP04;P01;Études;2024;V3;2022-12-30;15994
OP04;P01;Études;2025;V3;2022-12-30;5054
OP04;P01;Études;2026;V3;2022-12-30;4182
OP04;P01;Études;2027;V3;2022-12-30;4148
OP04;P01;Études;2028;V3;2022-12-30;4147
OP04;P02;Acquisitions foncières;2020;V3;2022-12-30;1172599
OP04;P02;Acquisitions foncières;2021;V3;2022-12-30;1685160
OP04;P02;Acquisitions foncières;2022;V3;2022-12-30;1646525
OP04;P02;Acquisitions foncières;2023;V3;2022-12-30;1094159
OP04;P02;Acquisitions foncières;2024;V3;2022-12-30;498913
OP04;P02;Acquisitions foncières;2025;V3;2022-12-30;163055
OP04;P02;Acquisitions foncières;2026;V3;2022-12-30;47161
OP04;P02;Acquisitions foncières;2027;V3;2022-12-30;21455
OP04;P02;Acquisitions foncières;2028;V3;2022-12-30;17709
OP04;P03;Travaux VRD;2020;V3;2022-12-30;203626
OP04;P03;Travaux VRD;2021;V3;2022-12-30;607531
OP04;P03;Travaux VRD;2022;V3;2022-12-30;1426786
OP04;P03;Travaux VRD;2023;V3;2022-12-30;2478508
OP04;P03;Travaux VRD;2024;V3;2022-12-30;3138857
OP04;P03;Travaux VRD;2025;V3;2022-12-30;2888673
OP04;P03;Travaux VRD;2026;V3;2022-12-30;1933760
OP04;P03;Travaux VRD;2027;V3;2022-12-30;948516
OP04;P03;Travaux VRD;2028;V3;2022-12-30;351533
OP04;P04;Honoraires techniques;2020;V3;2022-12-30;85740
OP04;P04;Honoraires techniques;2021;V3;2022-12-30;190968
OP04;P04;Honoraires techniques;2022;V3;2022-12-30;338737
OP04;P04;Honoraires techniques;2023;V3;2022-12-30;471506
OP04;P04;Honoraires techniques;2024;V3;2022-12-30;512885
OP04;P04;Honoraires techniques;2025;V3;2022-12-30;435647
OP04;P04;Honoraires techniques;2026;V3;2022-12-30;289406
OP04;P04;Honoraires techniques;2027;V3;2022-12-30;151308
OP04;P04;Honoraires techniques;2028;V3;2022-12-30;63655
OP04;P05;Frais financiers;2020;V3;2022-12-30;79762
OP04;P05;Frais financiers;2021;V3;2022-12-30;129461
OP04;P05;Frais financiers;2022;V3;2022-12-30;186220
OP04;P05;Frais financiers;2023;V3;2022-12-30;236562
OP04;P05;Frais financiers;2024;V3;2022-12-30;265016
OP04;P05;Frais financiers;2025;V3;2022-12-30;261691
OP04;P05;Frais financiers;2026;V3;2022-12-30;227780
OP04;P05;Frais financiers;2027;V3;2022-12-30;174879
OP04;P05;Frais financiers;2028;V3;2022-12-30;118630
OP04;P06;Rémunération concessionnaire;2020;V3;2022-12-30;198917
OP04;P06;Rémunération concessionnaire;2021;V3;2022-12-30;212651
OP04;P06;Rémunération concessionnaire;2022;V3;2022-12-30;223044
OP04;P06;Rémunération concessionnaire;2023;V3;2022-12-30;229525
OP04;P06;Rémunération concessionnaire;2024;V3;2022-12-30;231727
OP04;P06;Rémunération concessionnaire;2025;V3;2022-12-30;229525
OP04;P06;Rémunération concessionnaire;2026;V3;2022-12-30;223044
OP04;P06;Rémunération concessionnaire;2027;V3;2022-12-30;212651
OP04;P06;Rémunération concessionnaire;2028;V3;2022-12-30;198917
OP04;P07;Aléas et divers;2020;V3;2022-12-30;5691
OP04;P07;Aléas et divers;2021;V3;2022-12-30;12867
OP04;P07;Aléas et divers;2022;V3;2022-12-30;35236
OP04;P07;Aléas et divers;2023;V3;2022-12-30;87535
OP04;P07;Aléas et divers;2024;V3;2022-12-30;176944
OP04;P07;Aléas et divers;2025;V3;2022-12-30;282363
OP04;P07;Aléas et divers;2026;V3;2022-12-30;352711
OP04;P07;Aléas et divers;2027;V3;2022-12-30;344091
OP04;P07;Aléas et divers;2028;V3;2022-12-30;262218
OP05;P01;Études;2022;V1;2022-06-29;162357
OP05;P01;Études;2023;V1;2022-06-29;201712
OP05;P01;Études;2024;V1;2022-06-29;145691
OP05;P01;Études;2025;V1;2022-06-29;61727
OP05;P01;Études;2026;V1;2022-06-29;16344
OP05;P01;Études;2027;V1;2022-06-29;3992
OP05;P01;Études;2028;V1;2022-06-29;2162
OP05;P01;Études;2029;V1;2022-06-29;2010
OP05;P01;Études;2030;V1;2022-06-29;2003
OP05;P01;Études;2031;V1;2022-06-29;2003
OP05;P02;Acquisitions foncières;2022;V1;2022-06-29;546641
OP05;P02;Acquisitions foncières;2023;V1;2022-06-29;769041
OP05;P02;Acquisitions foncières;2024;V1;2022-06-29;797754
OP05;P02;Acquisitions foncières;2025;V1;2022-06-29;609933
OP05;P02;Acquisitions foncières;2026;V1;2022-06-29;344971
OP05;P02;Acquisitions foncières;2027;V1;2022-06-29;146577
OP05;P02;Acquisitions foncières;2028;V1;2022-06-29;49894
OP05;P02;Acquisitions foncières;2029;V1;2022-06-29;17348
OP05;P02;Acquisitions foncières;2030;V1;2022-06-29;9585
OP05;P02;Acquisitions foncières;2031;V1;2022-06-29;8255
OP05;P03;Travaux VRD;2022;V1;2022-06-29;184172
OP05;P03;Travaux VRD;2023;V1;2022-06-29;435165
OP05;P03;Travaux VRD;2024;V1;2022-06-29;821300
OP05;P03;Travaux VRD;2025;V1;2022-06-29;1212880
OP05;P03;Travaux VRD;2026;V1;2022-06-29;1393473
OP05;P03;Travaux VRD;2027;V1;2022-06-29;1243859
OP05;P03;Travaux VRD;2028;V1;2022-06-29;863563
OP05;P03;Travaux VRD;2029;V1;2022-06-29;468675
OP05;P03;Travaux VRD;2030;V1;2022-06-29;202473
OP05;P03;Travaux VRD;2031;V1;2022-06-29;74439
OP05;P04;Honoraires techniques;2022;V1;2022-06-29;40604
OP05;P04;Honoraires techniques;2023;V1;2022-06-29;83634
OP05;P04;Honoraires techniques;2024;V1;2022-06-29;144184
OP05;P04;Honoraires techniques;2025;V1;2022-06-29;205517
OP05;P04;Honoraires techniques;2026;V1;2022-06-29;241229
OP05;P04;Honoraires techniques;2027;V1;2022-06-29;232887
OP05;P04;Honoraires techniques;2028;V1;2022-06-29;184968
OP05;P04;Honoraires techniques;2029;V1;2022-06-29;121093
OP05;P04;Honoraires techniques;2030;V1;2022-06-29;65738
OP05;P04;Honoraires techniques;2031;V1;2022-06-29;30145
OP05;P05;Frais financiers;2022;V1;2022-06-29;38194
OP05;P05;Frais financiers;2023;V1;2022-06-29;59090
OP05;P05;Frais financiers;2024;V1;2022-06-29;83132
OP05;P05;Frais financiers;2025;V1;2022-06-29;106060
OP05;P05;Frais financiers;2026;V1;2022-06-29;122548
OP05;P05;Frais financiers;2027;V1;2022-06-29;128175
OP05;P05;Frais financiers;2028;V1;2022-06-29;121332
OP05;P05;Frais financiers;2029;V1;2022-06-29;103969
OP05;P05;Frais financiers;2030;V1;2022-06-29;80694
OP05;P05;Frais financiers;2031;V1;2022-06-29;56806
OP05;P06;Rémunération concessionnaire;2022;V1;2022-06-29;95777
OP05;P06;Rémunération concessionnaire;2023;V1;2022-06-29;101728
OP05;P06;Rémunération concessionnaire;2024;V1;2022-06-29;106436
OP05;P06;Rémunération concessionnaire;2025;V1;2022-06-29;109696
OP05;P06;Rémunération concessionnaire;2026;V1;2022-06-29;111364
OP05;P06;Rémunération concessionnaire;2027;V1;2022-06-29;111364
OP05;P06;Rémunération concessionnaire;2028;V1;2022-06-29;109696
OP05;P06;Rémunération concessionnaire;2029;V1;2022-06-29;106436
OP05;P06;Rémunération concessionnaire;2030;V1;2022-06-29;101728
OP05;P06;Rémunération concessionnaire;2031;V1;2022-06-29;95777
OP05;P07;Aléas et divers;2022;V1;2022-06-29;2943
OP05;P07;Aléas et divers;2023;V1;2022-06-29;5978
OP05;P07;Aléas et divers;2024;V1;2022-06-29;14594
OP05;P07;Aléas et divers;2025;V1;2022-06-29;34109
OP05;P07;Aléas et divers;2026;V1;2022-06-29;68856
OP05;P07;Aléas et divers;2027;V1;2022-06-29;116074
OP05;P07;Aléas et divers;2028;V1;2022-06-29;161659
OP05;P07;Aléas et divers;2029;V1;2022-06-29;185358
OP05;P07;Aléas et divers;2030;V1;2022-06-29;174799
OP05;P07;Aléas et divers;2031;V1;2022-06-29;135630
OP05;P01;Études;2022;V2;2023-06-29;162357
OP05;P01;Études;2023;V2;2023-06-29;201712
OP05;P01;Études;2024;V2;2023-06-29;145691
OP05;P01;Études;2025;V2;2023-06-29;61727
OP05;P01;Études;2026;V2;2023-06-29;16344
OP05;P01;Études;2027;V2;2023-06-29;3992
OP05;P01;Études;2028;V2;2023-06-29;2162
OP05;P01;Études;2029;V2;2023-06-29;2010
OP05;P01;Études;2030;V2;2023-06-29;2003
OP05;P01;Études;2031;V2;2023-06-29;2003
OP05;P02;Acquisitions foncières;2022;V2;2023-06-29;541510
OP05;P02;Acquisitions foncières;2023;V2;2023-06-29;761823
OP05;P02;Acquisitions foncières;2024;V2;2023-06-29;790266
OP05;P02;Acquisitions foncières;2025;V2;2023-06-29;604208
OP05;P02;Acquisitions foncières;2026;V2;2023-06-29;341733
OP05;P02;Acquisitions foncières;2027;V2;2023-06-29;145201
OP05;P02;Acquisitions foncières;2028;V2;2023-06-29;49426
OP05;P02;Acquisitions foncières;2029;V2;2023-06-29;17186
OP05;P02;Acquisitions foncières;2030;V2;2023-06-29;9495
OP05;P02;Acquisitions foncières;2031;V2;2023-06-29;8178
OP05;P03;Travaux VRD;2022;V2;2023-06-29;196588
OP05;P03;Travaux VRD;2023;V2;2023-06-29;464502
OP05;P03;Travaux VRD;2024;V2;2023-06-29;876667
OP05;P03;Travaux VRD;2025;V2;2023-06-29;1294646
OP05;P03;Travaux VRD;2026;V2;2023-06-29;1487414
OP05;P03;Travaux VRD;2027;V2;2023-06-29;1327714
OP05;P03;Travaux VRD;2028;V2;2023-06-29;921780
OP05;P03;Travaux VRD;2029;V2;2023-06-29;500271
OP05;P03;Travaux VRD;2030;V2;2023-06-29;216122
OP05;P03;Travaux VRD;2031;V2;2023-06-29;79457
OP05;P04;Honoraires techniques;2022;V2;2023-06-29;39722
OP05;P04;Honoraires techniques;2023;V2;2023-06-29;81817
OP05;P04;Honoraires techniques;2024;V2;2023-06-29;141052
OP05;P04;Honoraires techniques;2025;V2;2023-06-29;201053
OP05;P04;Honoraires techniques;2026;V2;2023-06-29;235989
OP05;P04;Honoraires techniques;2027;V2;2023-06-29;227828
OP05;P04;Honoraires techniques;2028;V2;2023-06-29;180950
OP05;P04;Honoraires techniques;2029;V2;2023-06-29;118463
OP05;P04;Honoraires techniques;2030;V2;2023-06-29;64310
OP05;P04;Honoraires techniques;2031;V2;2023-06-29;29490
OP05;P05;Frais financiers;2022;V2;2023-06-29;38194
OP05;P05;Frais financiers;2023;V2;2023-06-29;59090
OP05;P05;Frais financiers;2024;V2;2023-06-29;83132
OP05;P05;Frais financiers;2025;V2;2023-06-29;106060
OP05;P05;Frais financiers;2026;V2;2023-06-29;122548
OP05;P05;Frais financiers;2027;V2;2023-06-29;128175
OP05;P05;Frais financiers;2028;V2;2023-06-29;121332
OP05;P05;Frais financiers;2029;V2;2023-06-29;103969
OP05;P05;Frais financiers;2030;V2;2023-06-29;80694
OP05;P05;Frais financiers;2031;V2;2023-06-29;56806
OP05;P06;Rémunération concessionnaire;2022;V2;2023-06-29;95777
OP05;P06;Rémunération concessionnaire;2023;V2;2023-06-29;101728
OP05;P06;Rémunération concessionnaire;2024;V2;2023-06-29;106436
OP05;P06;Rémunération concessionnaire;2025;V2;2023-06-29;109696
OP05;P06;Rémunération concessionnaire;2026;V2;2023-06-29;111364
OP05;P06;Rémunération concessionnaire;2027;V2;2023-06-29;111364
OP05;P06;Rémunération concessionnaire;2028;V2;2023-06-29;109696
OP05;P06;Rémunération concessionnaire;2029;V2;2023-06-29;106436
OP05;P06;Rémunération concessionnaire;2030;V2;2023-06-29;101728
OP05;P06;Rémunération concessionnaire;2031;V2;2023-06-29;95777
OP05;P07;Aléas et divers;2022;V2;2023-06-29;2687
OP05;P07;Aléas et divers;2023;V2;2023-06-29;5457
OP05;P07;Aléas et divers;2024;V2;2023-06-29;13320
OP05;P07;Aléas et divers;2025;V2;2023-06-29;31132
OP05;P07;Aléas et divers;2026;V2;2023-06-29;62847
OP05;P07;Aléas et divers;2027;V2;2023-06-29;105945
OP05;P07;Aléas et divers;2028;V2;2023-06-29;147552
OP05;P07;Aléas et divers;2029;V2;2023-06-29;169183
OP05;P07;Aléas et divers;2030;V2;2023-06-29;159545
OP05;P07;Aléas et divers;2031;V2;2023-06-29;123794
OP05;P01;Études;2022;V3;2024-06-28;162357
OP05;P01;Études;2023;V3;2024-06-28;201712
OP05;P01;Études;2024;V3;2024-06-28;145691
OP05;P01;Études;2025;V3;2024-06-28;61727
OP05;P01;Études;2026;V3;2024-06-28;16344
OP05;P01;Études;2027;V3;2024-06-28;3992
OP05;P01;Études;2028;V3;2024-06-28;2162
OP05;P01;Études;2029;V3;2024-06-28;2010
OP05;P01;Études;2030;V3;2024-06-28;2003
OP05;P01;Études;2031;V3;2024-06-28;2003
OP05;P02;Acquisitions foncières;2022;V3;2024-06-28;561066
OP05;P02;Acquisitions foncières;2023;V3;2024-06-28;789336
OP05;P02;Acquisitions foncières;2024;V3;2024-06-28;818806
OP05;P02;Acquisitions foncières;2025;V3;2024-06-28;626028
OP05;P02;Acquisitions foncières;2026;V3;2024-06-28;354074
OP05;P02;Acquisitions foncières;2027;V3;2024-06-28;150445
OP05;P02;Acquisitions foncières;2028;V3;2024-06-28;51211
OP05;P02;Acquisitions foncières;2029;V3;2024-06-28;17806
OP05;P02;Acquisitions foncières;2030;V3;2024-06-28;9838
OP05;P02;Acquisitions foncières;2031;V3;2024-06-28;8473
OP05;P03;Travaux VRD;2022;V3;2024-06-28;97716
OP05;P03;Travaux VRD;2023;V3;2024-06-28;260715
OP05;P03;Travaux VRD;2024;V3;2024-06-28;580749
OP05;P03;Travaux VRD;2025;V3;2024-06-28;1024422
OP05;P03;Travaux VRD;2026;V3;2024-06-28;1410580
OP05;P03;Travaux VRD;2027;V3;2024-06-28;1510078
OP05;P03;Travaux VRD;2028;V3;2024-06-28;1256077
OP05;P03;Travaux VRD;2029;V3;2024-06-28;813294
OP05;P03;Travaux VRD;2030;V3;2024-06-28;412893
OP05;P03;Travaux VRD;2031;V3;2024-06-28;168693
OP05;P04;Honoraires techniques;2022;V3;2024-06-28;39212
OP05;P04;Honoraires techniques;2023;V3;2024-06-28;80766
OP05;P04;Honoraires techniques;2024;V3;2024-06-28;139240
OP05;P04;Honoraires techniques;2025;V3;2024-06-28;198470
OP05;P04;Honoraires techniques;2026;V3;2024-06-28;232958
OP05;P04;Honoraires techniques;2027;V3;2024-06-28;224902
OP05;P04;Honoraires techniques;2028;V3;2024-06-28;178626
OP05;P04;Honoraires techniques;2029;V3;2024-06-28;116941
OP05;P04;Honoraires techniques;2030;V3;2024-06-28;63484
OP05;P04;Honoraires techniques;2031;V3;2024-06-28;29111
OP05;P05;Frais financiers;2022;V3;2024-06-28;38194
OP05;P05;Frais financiers;2023;V3;2024-06-28;59090
OP05;P05;Frais financiers;2024;V3;2024-06-28;83132
OP05;P05;Frais financiers;2025;V3;2024-06-28;106060
OP05;P05;Frais financiers;2026;V3;2024-06-28;122548
OP05;P05;Frais financiers;2027;V3;2024-06-28;128175
OP05;P05;Frais financiers;2028;V3;2024-06-28;121332
OP05;P05;Frais financiers;2029;V3;2024-06-28;103969
OP05;P05;Frais financiers;2030;V3;2024-06-28;80694
OP05;P05;Frais financiers;2031;V3;2024-06-28;56806
OP05;P06;Rémunération concessionnaire;2022;V3;2024-06-28;95777
OP05;P06;Rémunération concessionnaire;2023;V3;2024-06-28;101728
OP05;P06;Rémunération concessionnaire;2024;V3;2024-06-28;106436
OP05;P06;Rémunération concessionnaire;2025;V3;2024-06-28;109696
OP05;P06;Rémunération concessionnaire;2026;V3;2024-06-28;111364
OP05;P06;Rémunération concessionnaire;2027;V3;2024-06-28;111364
OP05;P06;Rémunération concessionnaire;2028;V3;2024-06-28;109696
OP05;P06;Rémunération concessionnaire;2029;V3;2024-06-28;106436
OP05;P06;Rémunération concessionnaire;2030;V3;2024-06-28;101728
OP05;P06;Rémunération concessionnaire;2031;V3;2024-06-28;95777
OP05;P07;Aléas et divers;2022;V3;2024-06-28;2726
OP05;P07;Aléas et divers;2023;V3;2024-06-28;5537
OP05;P07;Aléas et divers;2024;V3;2024-06-28;13515
OP05;P07;Aléas et divers;2025;V3;2024-06-28;31588
OP05;P07;Aléas et divers;2026;V3;2024-06-28;63767
OP05;P07;Aléas et divers;2027;V3;2024-06-28;107495
OP05;P07;Aléas et divers;2028;V3;2024-06-28;149712
OP05;P07;Aléas et divers;2029;V3;2024-06-28;171659
OP05;P07;Aléas et divers;2030;V3;2024-06-28;161881
OP05;P07;Aléas et divers;2031;V3;2024-06-28;125606
OP06;P01;Études;2024;V1;2024-05-31;176407
OP06;P01;Études;2025;V1;2024-05-31;67068
OP06;P01;Études;2026;V1;2024-05-31;2349
OP06;P01;Études;2027;V1;2024-05-31;2176
OP06;P02;Acquisitions foncières;2024;V1;2024-05-31;613818
OP06;P02;Acquisitions foncières;2025;V1;2024-05-31;684887
OP06;P02;Acquisitions foncières;2026;V1;2024-05-31;56025
OP06;P02;Acquisitions foncières;2027;V1;2024-05-31;9270
OP06;P03;Travaux VRD;2024;V1;2024-05-31;224945
OP06;P03;Travaux VRD;2025;V1;2024-05-31;1481393
OP06;P03;Travaux VRD;2026;V1;2024-05-31;1054743
OP06;P03;Travaux VRD;2027;V1;2024-05-31;90919
OP06;P04;Honoraires techniques;2024;V1;2024-05-31;49122
OP06;P04;Honoraires techniques;2025;V1;2024-05-31;248634
OP06;P04;Honoraires techniques;2026;V1;2024-05-31;223774
OP06;P04;Honoraires techniques;2027;V1;2024-05-31;36469
OP06;P05;Frais financiers;2024;V1;2024-05-31;44071
OP06;P05;Frais financiers;2025;V1;2024-05-31;122380
OP06;P05;Frais financiers;2026;V1;2024-05-31;140002
OP06;P05;Frais financiers;2027;V1;2024-05-31;65547
OP06;P06;Rémunération concessionnaire;2024;V1;2024-05-31;101150
OP06;P06;Rémunération concessionnaire;2025;V1;2024-05-31;115850
OP06;P06;Rémunération concessionnaire;2026;V1;2024-05-31;115850
OP06;P06;Rémunération concessionnaire;2027;V1;2024-05-31;101150
OP06;P07;Aléas et divers;2024;V1;2024-05-31;3275
OP06;P07;Aléas et divers;2025;V1;2024-05-31;37951
OP06;P07;Aléas et divers;2026;V1;2024-05-31;179868
OP06;P07;Aléas et divers;2027;V1;2024-05-31;150906
OP06;P01;Études;2024;V2;2025-05-31;176407
OP06;P01;Études;2025;V2;2025-05-31;67068
OP06;P01;Études;2026;V2;2025-05-31;2349
OP06;P01;Études;2027;V2;2025-05-31;2176
OP06;P02;Acquisitions foncières;2024;V2;2025-05-31;605899
OP06;P02;Acquisitions foncières;2025;V2;2025-05-31;676052
OP06;P02;Acquisitions foncières;2026;V2;2025-05-31;55303
OP06;P02;Acquisitions foncières;2027;V2;2025-05-31;9150
OP06;P03;Travaux VRD;2024;V2;2025-05-31;237320
OP06;P03;Travaux VRD;2025;V2;2025-05-31;1562892
OP06;P03;Travaux VRD;2026;V2;2025-05-31;1112769
OP06;P03;Travaux VRD;2027;V2;2025-05-31;95920
OP06;P04;Honoraires techniques;2024;V2;2025-05-31;50550
OP06;P04;Honoraires techniques;2025;V2;2025-05-31;255858
OP06;P04;Honoraires techniques;2026;V2;2025-05-31;230275
OP06;P04;Honoraires techniques;2027;V2;2025-05-31;37529
OP06;P05;Frais financiers;2024;V2;2025-05-31;44071
OP06;P05;Frais financiers;2025;V2;2025-05-31;122380
OP06;P05;Frais financiers;2026;V2;2025-05-31;140002
OP06;P05;Frais financiers;2027;V2;2025-05-31;65547
OP06;P06;Rémunération concessionnaire;2024;V2;2025-05-31;101150
OP06;P06;Rémunération concessionnaire;2025;V2;2025-05-31;115850
OP06;P06;Rémunération concessionnaire;2026;V2;2025-05-31;115850
OP06;P06;Rémunération concessionnaire;2027;V2;2025-05-31;101150
OP06;P07;Aléas et divers;2024;V2;2025-05-31;3444
OP06;P07;Aléas et divers;2025;V2;2025-05-31;39912
OP06;P07;Aléas et divers;2026;V2;2025-05-31;189163
OP06;P07;Aléas et divers;2027;V2;2025-05-31;158705
OP06;P01;Études;2024;V3;2026-05-31;176407
OP06;P01;Études;2025;V3;2026-05-31;67068
OP06;P01;Études;2026;V3;2026-05-31;2349
OP06;P01;Études;2027;V3;2026-05-31;2176
OP06;P02;Acquisitions foncières;2024;V3;2026-05-31;606583
OP06;P02;Acquisitions foncières;2025;V3;2026-05-31;676815
OP06;P02;Acquisitions foncières;2026;V3;2026-05-31;55365
OP06;P02;Acquisitions foncières;2027;V3;2026-05-31;9161
OP06;P03;Travaux VRD;2024;V3;2026-05-31;121829
OP06;P03;Travaux VRD;2025;V3;2026-05-31;1277215
OP06;P03;Travaux VRD;2026;V3;2026-05-31;1566035
OP06;P03;Travaux VRD;2027;V3;2026-05-31;210321
OP06;P04;Honoraires techniques;2024;V3;2026-05-31;49919
OP06;P04;Honoraires techniques;2025;V3;2026-05-31;252665
OP06;P04;Honoraires techniques;2026;V3;2026-05-31;227402
OP06;P04;Honoraires techniques;2027;V3;2026-05-31;37061
OP06;P05;Frais financiers;2024;V3;2026-05-31;44071
OP06;P05;Frais financiers;2025;V3;2026-05-31;122380
OP06;P05;Frais financiers;2026;V3;2026-05-31;140002
OP06;P05;Frais financiers;2027;V3;2026-05-31;65547
OP06;P06;Rémunération concessionnaire;2024;V3;2026-05-31;101150
OP06;P06;Rémunération concessionnaire;2025;V3;2026-05-31;115850
OP06;P06;Rémunération concessionnaire;2026;V3;2026-05-31;115850
OP06;P06;Rémunération concessionnaire;2027;V3;2026-05-31;101150
OP06;P07;Aléas et divers;2024;V3;2026-05-31;3670
OP06;P07;Aléas et divers;2025;V3;2026-05-31;42530
OP06;P07;Aléas et divers;2026;V3;2026-05-31;201570
OP06;P07;Aléas et divers;2027;V3;2026-05-31;169114
OP07;P01;Études;2023;V1;2023-12-30;119062
OP07;P01;Études;2024;V1;2023-12-30;147922
OP07;P01;Études;2025;V1;2023-12-30;106840
OP07;P01;Études;2026;V1;2023-12-30;45266
OP07;P01;Études;2027;V1;2023-12-30;11985
OP07;P01;Études;2028;V1;2023-12-30;2927
OP07;P01;Études;2029;V1;2023-12-30;1585
OP07;P01;Études;2030;V1;2023-12-30;1474
OP07;P01;Études;2031;V1;2023-12-30;1469
OP07;P01;Études;2032;V1;2023-12-30;1469
OP07;P02;Acquisitions foncières;2023;V1;2023-12-30;400870
OP07;P02;Acquisitions foncières;2024;V1;2023-12-30;563964
OP07;P02;Acquisitions foncières;2025;V1;2023-12-30;585020
OP07;P02;Acquisitions foncières;2026;V1;2023-12-30;447284
OP07;P02;Acquisitions foncières;2027;V1;2023-12-30;252979
OP07;P02;Acquisitions foncières;2028;V1;2023-12-30;107490
OP07;P02;Acquisitions foncières;2029;V1;2023-12-30;36589
OP07;P02;Acquisitions foncières;2030;V1;2023-12-30;12722
OP07;P02;Acquisitions foncières;2031;V1;2023-12-30;7029
OP07;P02;Acquisitions foncières;2032;V1;2023-12-30;6054
OP07;P03;Travaux VRD;2023;V1;2023-12-30;135059
OP07;P03;Travaux VRD;2024;V1;2023-12-30;319121
OP07;P03;Travaux VRD;2025;V1;2023-12-30;602286
OP07;P03;Travaux VRD;2026;V1;2023-12-30;889446
OP07;P03;Travaux VRD;2027;V1;2023-12-30;1021880
OP07;P03;Travaux VRD;2028;V1;2023-12-30;912164
OP07;P03;Travaux VRD;2029;V1;2023-12-30;633280
OP07;P03;Travaux VRD;2030;V1;2023-12-30;343695
OP07;P03;Travaux VRD;2031;V1;2023-12-30;148480
OP07;P03;Travaux VRD;2032;V1;2023-12-30;54589
OP07;P04;Honoraires techniques;2023;V1;2023-12-30;29776
OP07;P04;Honoraires techniques;2024;V1;2023-12-30;61331
OP07;P04;Honoraires techniques;2025;V1;2023-12-30;105735
OP07;P04;Honoraires techniques;2026;V1;2023-12-30;150713
OP07;P04;Honoraires techniques;2027;V1;2023-12-30;176902
OP07;P04;Honoraires techniques;2028;V1;2023-12-30;170784
OP07;P04;Honoraires techniques;2029;V1;2023-12-30;135643
OP07;P04;Honoraires techniques;2030;V1;2023-12-30;88802
OP07;P04;Honoraires techniques;2031;V1;2023-12-30;48208
OP07;P04;Honoraires techniques;2032;V1;2023-12-30;22106
OP07;P05;Frais financiers;2023;V1;2023-12-30;28009
OP07;P05;Frais financiers;2024;V1;2023-12-30;43333
OP07;P05;Frais financiers;2025;V1;2023-12-30;60964
OP07;P05;Frais financiers;2026;V1;2023-12-30;77777
OP07;P05;Frais financiers;2027;V1;2023-12-30;89869
OP07;P05;Frais financiers;2028;V1;2023-12-30;93995
OP07;P05;Frais financiers;2029;V1;2023-12-30;88977
OP07;P05;Frais financiers;2030;V1;2023-12-30;76244
OP07;P05;Frais financiers;2031;V1;2023-12-30;59176
OP07;P05;Frais financiers;2032;V1;2023-12-30;41658
OP07;P06;Rémunération concessionnaire;2023;V1;2023-12-30;70236
OP07;P06;Rémunération concessionnaire;2024;V1;2023-12-30;74600
OP07;P06;Rémunération concessionnaire;2025;V1;2023-12-30;78053
OP07;P06;Rémunération concessionnaire;2026;V1;2023-12-30;80444
OP07;P06;Rémunération concessionnaire;2027;V1;2023-12-30;81667
OP07;P06;Rémunération concessionnaire;2028;V1;2023-12-30;81667
OP07;P06;Rémunération concessionnaire;2029;V1;2023-12-30;80444
OP07;P06;Rémunération concessionnaire;2030;V1;2023-12-30;78053
OP07;P06;Rémunération concessionnaire;2031;V1;2023-12-30;74600
OP07;P06;Rémunération concessionnaire;2032;V1;2023-12-30;70236
OP07;P07;Aléas et divers;2023;V1;2023-12-30;2159
OP07;P07;Aléas et divers;2024;V1;2023-12-30;4384
OP07;P07;Aléas et divers;2025;V1;2023-12-30;10702
OP07;P07;Aléas et divers;2026;V1;2023-12-30;25013
OP07;P07;Aléas et divers;2027;V1;2023-12-30;50494
OP07;P07;Aléas et divers;2028;V1;2023-12-30;85121
OP07;P07;Aléas et divers;2029;V1;2023-12-30;118550
OP07;P07;Aléas et divers;2030;V1;2023-12-30;135929
OP07;P07;Aléas et divers;2031;V1;2023-12-30;128186
OP07;P07;Aléas et divers;2032;V1;2023-12-30;99462
OP07;P01;Études;2023;V2;2024-12-29;119062
OP07;P01;Études;2024;V2;2024-12-29;147922
OP07;P01;Études;2025;V2;2024-12-29;106840
OP07;P01;Études;2026;V2;2024-12-29;45266
OP07;P01;Études;2027;V2;2024-12-29;11985
OP07;P01;Études;2028;V2;2024-12-29;2927
OP07;P01;Études;2029;V2;2024-12-29;1585
OP07;P01;Études;2030;V2;2024-12-29;1474
OP07;P01;Études;2031;V2;2024-12-29;1469
OP07;P01;Études;2032;V2;2024-12-29;1469
OP07;P02;Acquisitions foncières;2023;V2;2024-12-29;399209
OP07;P02;Acquisitions foncières;2024;V2;2024-12-29;561627
OP07;P02;Acquisitions foncières;2025;V2;2024-12-29;582595
OP07;P02;Acquisitions foncières;2026;V2;2024-12-29;445431
OP07;P02;Acquisitions foncières;2027;V2;2024-12-29;251930
OP07;P02;Acquisitions foncières;2028;V2;2024-12-29;107044
OP07;P02;Acquisitions foncières;2029;V2;2024-12-29;36437
OP07;P02;Acquisitions foncières;2030;V2;2024-12-29;12669
OP07;P02;Acquisitions foncières;2031;V2;2024-12-29;7000
OP07;P02;Acquisitions foncières;2032;V2;2024-12-29;6029
OP07;P03;Travaux VRD;2023;V2;2024-12-29;139269
OP07;P03;Travaux VRD;2024;V2;2024-12-29;329068
OP07;P03;Travaux VRD;2025;V2;2024-12-29;621059
OP07;P03;Travaux VRD;2026;V2;2024-12-29;917168
OP07;P03;Travaux VRD;2027;V2;2024-12-29;1053730
OP07;P03;Travaux VRD;2028;V2;2024-12-29;940594
OP07;P03;Travaux VRD;2029;V2;2024-12-29;653018
OP07;P03;Travaux VRD;2030;V2;2024-12-29;354407
OP07;P03;Travaux VRD;2031;V2;2024-12-29;153108
OP07;P03;Travaux VRD;2032;V2;2024-12-29;56290
OP07;P04;Honoraires techniques;2023;V2;2024-12-29;29352
OP07;P04;Honoraires techniques;2024;V2;2024-12-29;60459
OP07;P04;Honoraires techniques;2025;V2;2024-12-29;104230
OP07;P04;Honoraires techniques;2026;V2;2024-12-29;148568
OP07;P04;Honoraires techniques;2027;V2;2024-12-29;174384
OP07;P04;Honoraires techniques;2028;V2;2024-12-29;168354
OP07;P04;Honoraires techniques;2029;V2;2024-12-29;133713
OP07;P04;Honoraires techniques;2030;V2;2024-12-29;87538
OP07;P04;Honoraires techniques;2031;V2;2024-12-29;47522
OP07;P04;Honoraires techniques;2032;V2;2024-12-29;21792
OP07;P05;Frais financiers;2023;V2;2024-12-29;28009
OP07;P05;Frais financiers;2024;V2;2024-12-29;43333
OP07;P05;Frais financiers;2025;V2;2024-12-29;60964
OP07;P05;Frais financiers;2026;V2;2024-12-29;77777
OP07;P05;Frais financiers;2027;V2;2024-12-29;89869
OP07;P05;Frais financiers;2028;V2;2024-12-29;93995
OP07;P05;Frais financiers;2029;V2;2024-12-29;88977
OP07;P05;Frais financiers;2030;V2;2024-12-29;76244
OP07;P05;Frais financiers;2031;V2;2024-12-29;59176
OP07;P05;Frais financiers;2032;V2;2024-12-29;41658
OP07;P06;Rémunération concessionnaire;2023;V2;2024-12-29;70236
OP07;P06;Rémunération concessionnaire;2024;V2;2024-12-29;74600
OP07;P06;Rémunération concessionnaire;2025;V2;2024-12-29;78053
OP07;P06;Rémunération concessionnaire;2026;V2;2024-12-29;80444
OP07;P06;Rémunération concessionnaire;2027;V2;2024-12-29;81667
OP07;P06;Rémunération concessionnaire;2028;V2;2024-12-29;81667
OP07;P06;Rémunération concessionnaire;2029;V2;2024-12-29;80444
OP07;P06;Rémunération concessionnaire;2030;V2;2024-12-29;78053
OP07;P06;Rémunération concessionnaire;2031;V2;2024-12-29;74600
OP07;P06;Rémunération concessionnaire;2032;V2;2024-12-29;70236
OP07;P07;Aléas et divers;2023;V2;2024-12-29;2224
OP07;P07;Aléas et divers;2024;V2;2024-12-29;4516
OP07;P07;Aléas et divers;2025;V2;2024-12-29;11025
OP07;P07;Aléas et divers;2026;V2;2024-12-29;25768
OP07;P07;Aléas et divers;2027;V2;2024-12-29;52019
OP07;P07;Aléas et divers;2028;V2;2024-12-29;87690
OP07;P07;Aléas et divers;2029;V2;2024-12-29;122129
OP07;P07;Aléas et divers;2030;V2;2024-12-29;140033
OP07;P07;Aléas et divers;2031;V2;2024-12-29;132056
OP07;P07;Aléas et divers;2032;V2;2024-12-29;102464
OP08;P01;Études;2024;V1;2025-01-29;97414
OP08;P01;Études;2025;V1;2025-01-29;121027
OP08;P01;Études;2026;V1;2025-01-29;87415
OP08;P01;Études;2027;V1;2025-01-29;37036
OP08;P01;Études;2028;V1;2025-01-29;9806
OP08;P01;Études;2029;V1;2025-01-29;2395
OP08;P01;Études;2030;V1;2025-01-29;1297
OP08;P01;Études;2031;V1;2025-01-29;1206
OP08;P01;Études;2032;V1;2025-01-29;1202
OP08;P01;Études;2033;V1;2025-01-29;1202
OP08;P02;Acquisitions foncières;2024;V1;2025-01-29;327985
OP08;P02;Acquisitions foncières;2025;V1;2025-01-29;461425
OP08;P02;Acquisitions foncières;2026;V1;2025-01-29;478652
OP08;P02;Acquisitions foncières;2027;V1;2025-01-29;365960
OP08;P02;Acquisitions foncières;2028;V1;2025-01-29;206983
OP08;P02;Acquisitions foncières;2029;V1;2025-01-29;87946
OP08;P02;Acquisitions foncières;2030;V1;2025-01-29;29936
OP08;P02;Acquisitions foncières;2031;V1;2025-01-29;10409
OP08;P02;Acquisitions foncières;2032;V1;2025-01-29;5751
OP08;P02;Acquisitions foncières;2033;V1;2025-01-29;4953
OP08;P03;Travaux VRD;2024;V1;2025-01-29;110503
OP08;P03;Travaux VRD;2025;V1;2025-01-29;261099
OP08;P03;Travaux VRD;2026;V1;2025-01-29;492780
OP08;P03;Travaux VRD;2027;V1;2025-01-29;727728
OP08;P03;Travaux VRD;2028;V1;2025-01-29;836084
OP08;P03;Travaux VRD;2029;V1;2025-01-29;746316
OP08;P03;Travaux VRD;2030;V1;2025-01-29;518138
OP08;P03;Travaux VRD;2031;V1;2025-01-29;281205
OP08;P03;Travaux VRD;2032;V1;2025-01-29;121484
OP08;P03;Travaux VRD;2033;V1;2025-01-29;44663
OP08;P04;Honoraires techniques;2024;V1;2025-01-29;24362
OP08;P04;Honoraires techniques;2025;V1;2025-01-29;50180
OP08;P04;Honoraires techniques;2026;V1;2025-01-29;86510
OP08;P04;Honoraires techniques;2027;V1;2025-01-29;123310
OP08;P04;Honoraires techniques;2028;V1;2025-01-29;144738
OP08;P04;Honoraires techniques;2029;V1;2025-01-29;139732
OP08;P04;Honoraires techniques;2030;V1;2025-01-29;110981
OP08;P04;Honoraires techniques;2031;V1;2025-01-29;72656
OP08;P04;Honoraires techniques;2032;V1;2025-01-29;39443
OP08;P04;Honoraires techniques;2033;V1;2025-01-29;18087
OP08;P05;Frais financiers;2024;V1;2025-01-29;22916
OP08;P05;Frais financiers;2025;V1;2025-01-29;35454
OP08;P05;Frais financiers;2026;V1;2025-01-29;49879
OP08;P05;Frais financiers;2027;V1;2025-01-29;63636
OP08;P05;Frais financiers;2028;V1;2025-01-29;73529
OP08;P05;Frais financiers;2029;V1;2025-01-29;76905
OP08;P05;Frais financiers;2030;V1;2025-01-29;72799
OP08;P05;Frais financiers;2031;V1;2025-01-29;62381
OP08;P05;Frais financiers;2032;V1;2025-01-29;48417
OP08;P05;Frais financiers;2033;V1;2025-01-29;34083
OP08;P06;Rémunération concessionnaire;2024;V1;2025-01-29;57466
OP08;P06;Rémunération concessionnaire;2025;V1;2025-01-29;61037
OP08;P06;Rémunération concessionnaire;2026;V1;2025-01-29;63861
OP08;P06;Rémunération concessionnaire;2027;V1;2025-01-29;65818
OP08;P06;Rémunération concessionnaire;2028;V1;2025-01-29;66818
OP08;P06;Rémunération concessionnaire;2029;V1;2025-01-29;66818
OP08;P06;Rémunération concessionnaire;2030;V1;2025-01-29;65818
OP08;P06;Rémunération concessionnaire;2031;V1;2025-01-29;63861
OP08;P06;Rémunération concessionnaire;2032;V1;2025-01-29;61037
OP08;P06;Rémunération concessionnaire;2033;V1;2025-01-29;57466
OP08;P07;Aléas et divers;2024;V1;2025-01-29;1766
OP08;P07;Aléas et divers;2025;V1;2025-01-29;3587
OP08;P07;Aléas et divers;2026;V1;2025-01-29;8756
OP08;P07;Aléas et divers;2027;V1;2025-01-29;20465
OP08;P07;Aléas et divers;2028;V1;2025-01-29;41313
OP08;P07;Aléas et divers;2029;V1;2025-01-29;69644
OP08;P07;Aléas et divers;2030;V1;2025-01-29;96996
OP08;P07;Aléas et divers;2031;V1;2025-01-29;111215
OP08;P07;Aléas et divers;2032;V1;2025-01-29;104879
OP08;P07;Aléas et divers;2033;V1;2025-01-29;81378
OP08;P01;Études;2024;V2;2026-01-29;97414
OP08;P01;Études;2025;V2;2026-01-29;121027
OP08;P01;Études;2026;V2;2026-01-29;87415
OP08;P01;Études;2027;V2;2026-01-29;37036
OP08;P01;Études;2028;V2;2026-01-29;9806
OP08;P01;Études;2029;V2;2026-01-29;2395
OP08;P01;Études;2030;V2;2026-01-29;1297
OP08;P01;Études;2031;V2;2026-01-29;1206
OP08;P01;Études;2032;V2;2026-01-29;1202
OP08;P01;Études;2033;V2;2026-01-29;1202
OP08;P02;Acquisitions foncières;2024;V2;2026-01-29;326924
OP08;P02;Acquisitions foncières;2025;V2;2026-01-29;459933
OP08;P02;Acquisitions foncières;2026;V2;2026-01-29;477105
OP08;P02;Acquisitions foncières;2027;V2;2026-01-29;364777
OP08;P02;Acquisitions foncières;2028;V2;2026-01-29;206313
OP08;P02;Acquisitions foncières;2029;V2;2026-01-29;87662
OP08;P02;Acquisitions foncières;2030;V2;2026-01-29;29840
OP08;P02;Acquisitions foncières;2031;V2;2026-01-29;10375
OP08;P02;Acquisitions foncières;2032;V2;2026-01-29;5732
OP08;P02;Acquisitions foncières;2033;V2;2026-01-29;4937
OP08;P03;Travaux VRD;2024;V2;2026-01-29;114485
OP08;P03;Travaux VRD;2025;V2;2026-01-29;270507
OP08;P03;Travaux VRD;2026;V2;2026-01-29;510536
OP08;P03;Travaux VRD;2027;V2;2026-01-29;753951
OP08;P03;Travaux VRD;2028;V2;2026-01-29;866211
OP08;P03;Travaux VRD;2029;V2;2026-01-29;773208
OP08;P03;Travaux VRD;2030;V2;2026-01-29;536808
OP08;P03;Travaux VRD;2031;V2;2026-01-29;291338
OP08;P03;Travaux VRD;2032;V2;2026-01-29;125861
OP08;P03;Travaux VRD;2033;V2;2026-01-29;46273
OP08;P04;Honoraires techniques;2024;V2;2026-01-29;25376
OP08;P04;Honoraires techniques;2025;V2;2026-01-29;52268
OP08;P04;Honoraires techniques;2026;V2;2026-01-29;90110
OP08;P04;Honoraires techniques;2027;V2;2026-01-29;128441
OP08;P04;Honoraires techniques;2028;V2;2026-01-29;150760
OP08;P04;Honoraires techniques;2029;V2;2026-01-29;145546
OP08;P04;Honoraires techniques;2030;V2;2026-01-29;115599
OP08;P04;Honoraires techniques;2031;V2;2026-01-29;75679
OP08;P04;Honoraires techniques;2032;V2;2026-01-29;41084
OP08;P04;Honoraires techniques;2033;V2;2026-01-29;18840
OP08;P05;Frais financiers;2024;V2;2026-01-29;22916
OP08;P05;Frais financiers;2025;V2;2026-01-29;35454
OP08;P05;Frais financiers;2026;V2;2026-01-29;49879
OP08;P05;Frais financiers;2027;V2;2026-01-29;63636
OP08;P05;Frais financiers;2028;V2;2026-01-29;73529
OP08;P05;Frais financiers;2029;V2;2026-01-29;76905
OP08;P05;Frais financiers;2030;V2;2026-01-29;72799
OP08;P05;Frais financiers;2031;V2;2026-01-29;62381
OP08;P05;Frais financiers;2032;V2;2026-01-29;48417
OP08;P05;Frais financiers;2033;V2;2026-01-29;34083
OP08;P06;Rémunération concessionnaire;2024;V2;2026-01-29;57466
OP08;P06;Rémunération concessionnaire;2025;V2;2026-01-29;61037
OP08;P06;Rémunération concessionnaire;2026;V2;2026-01-29;63861
OP08;P06;Rémunération concessionnaire;2027;V2;2026-01-29;65818
OP08;P06;Rémunération concessionnaire;2028;V2;2026-01-29;66818
OP08;P06;Rémunération concessionnaire;2029;V2;2026-01-29;66818
OP08;P06;Rémunération concessionnaire;2030;V2;2026-01-29;65818
OP08;P06;Rémunération concessionnaire;2031;V2;2026-01-29;63861
OP08;P06;Rémunération concessionnaire;2032;V2;2026-01-29;61037
OP08;P06;Rémunération concessionnaire;2033;V2;2026-01-29;57466
OP08;P07;Aléas et divers;2024;V2;2026-01-29;1809
OP08;P07;Aléas et divers;2025;V2;2026-01-29;3675
OP08;P07;Aléas et divers;2026;V2;2026-01-29;8971
OP08;P07;Aléas et divers;2027;V2;2026-01-29;20967
OP08;P07;Aléas et divers;2028;V2;2026-01-29;42327
OP08;P07;Aléas et divers;2029;V2;2026-01-29;71353
OP08;P07;Aléas et divers;2030;V2;2026-01-29;99375
OP08;P07;Aléas et divers;2031;V2;2026-01-29;113943
OP08;P07;Aléas et divers;2032;V2;2026-01-29;107452
OP08;P07;Aléas et divers;2033;V2;2026-01-29;83374
