id_facture;id_operation;id_engagement;code_poste;id_fournisseur;date_facture;type_piece;montant_ht;taux_tva;montant_tva;montant_ttc;statut_paiement
FA000001;OP01;EN0001;P01;F005;2023-01-06;Facture;220756,71;0,2;44151,34;264908,05;Payée
FA000002;OP01;EN0001;P01;F005;2023-02-02;Facture;77771,95;0,2;15554,39;93326,34;Payée
FA000003;OP01;EN0002;P01;F001;2021-06-26;Facture;2489,8;0,2;497,96;2987,76;Payée
FA000004;OP01;EN0002;P01;F001;2021-07-18;Facture;3495,24;0,2;699,05;4194,29;Payée
FA000005;OP01;EN0002;P01;F001;2021-08-27;Facture;6116,07;0,2;1223,21;7339,28;Payée
FA000006;OP01;EN0002;P01;F001;2021-09-11;Facture;7726,05;0,2;1545,21;9271,26;À payer
FA000007;OP01;EN0002;P01;F001;2021-10-17;Facture;6686,34;0,2;1337,27;8023,61;Payée
FA000008;OP01;EN0003;P01;F017;2025-04-08;Facture;32107,51;0,2;6421,5;38529,01;Payée
FA000009;OP01;EN0003;P01;F017;2025-04-23;Facture;32842,73;0,2;6568,55;39411,28;Payée
FA000010;OP01;EN0003;P01;F017;2025-05-21;Facture;51709,41;0,2;10341,88;62051,29;À payer
FA000011;OP01;EN0003;P01;F017;2025-06-27;Facture;24480,68;0,2;4896,14;29376,82;Payée
FA000012;OP01;EN0004;P02;F032;2023-12-12;Facture;249180,64;0,2;49836,13;298536,77;Rejetée
FA000013;OP01;EN0004;P02;F032;2024-01-10;Facture;271652,26;0,2;54330,45;325982,71;À payer
FA000014;OP01;EN0004;P02;F032;2024-01-28;Facture;113080,58;0,2;22616,12;135696,7;Payée
FA000015;OP01;EN0005;P02;F038;2024-10-22;Facture;99037,19;0,2;19807,44;118844,63;Payée
FA000016;OP01;EN0005;P02;F038;2024-11-23;Facture;300203,87;0,2;60040,77;360244,64;À payer
FA000017;OP01;EN0005;P02;F038;2024-12-23;Facture;298840,81;0,2;59768,16;358608,97;Payée
FA000018;OP01;EN0005;P02;F038;2025-01-21;Facture;347931,7;0,2;69586,34;417518,04;Payée
FA000019;OP01;EN0005;P02;F038;2025-02-28;Facture;174460,35;0,2;34892,07;209352,42;Payée
FA000020;OP01;EN0005;P02;F038;2025-04-03;Facture;95151,43;0,2;19030,29;114181,72;Payée
FA000021;OP01;EN0006;P02;F032;2025-02-21;Facture;2966,69;0,2;593,34;3343,03;Payée
FA000022;OP01;EN0006;P03;F032;2025-05-30;Facture;2599,87;0,2;519,97;3119,84;Payée
FA000023;OP01;EN0006;P02;F032;2025-07-06;Facture;3978,21;0,2;795,64;4773,85;Payée
FA000024;OP01;EN0006;P02;F032;2025-07-30;Facture;11293,18;0,2;2258,64;13551,82;Payée
FA000025;OP01;EN0006;P02;F032;2025-09-01;Facture;2561,86;0,2;512,37;3074,23;Payée
FA000026;OP01;EN0006;P02;F032;2025-09-23;Facture;2133,41;0,2;426,68;2560,09;Payée
FA000027;OP01;EN0007;P02;F008;2024-10-09;Facture;42876,84;0,2;8575,37;51452,21;Payée
FA000028;OP01;EN0007;P02;F008;2024-11-10;Facture;67422,11;0,2;13484,42;80906,53;Payée
FA000029;OP01;EN0007;P02;F008;2024-12-17;Facture;125618,41;0,2;25123,68;150742,09;Rejetée
FA000030;OP01;EN0008;P02;F027;2021-11-28;Facture;166193,91;0,2;33238,78;199432,69;Payée
FA000031;OP01;EN0008;P02;F027;2021-12-15;Facture;655098,02;0,2;131019,6;786117,62;Payée
FA000032;OP01;EN0008;P02;F027;2022-01-23;Facture;434498,07;0,2;86899,61;521397,68;À payer
FA000033;OP01;EN0008;P02;F027;2022-02-17;Facture;676214,61;0,2;135242,92;811457,53;Payée
FA000034;OP01;EN0008;P02;F027;2022-03-16;Facture;574596,58;0,2;114919,32;689515,9;Payée
FA000035;OP01;EN0009;P03;F021;2024-09-17;Facture;460490,56;0,2;92098,11;552588,67;Payée
FA000036;OP01;EN0009;P03;F021;2024-10-15;Facture;73279,02;0,2;14655,8;87934,82;Payée
FA000037;OP01;EN0009;P03;F021;2024-11-13;Facture;66530,85;0,2;13306,17;79837,02;Payée
FA000038;OP01;EN0009;P03;F021;2024-12-13;Facture;95387,45;0,2;19077,49;114464,94;Payée
FA000039;OP01;EN0010;P03;F002;2022-09-24;Facture;66122,41;0,2;13224,48;79346,89;Payée
FA000040;OP01;EN9061;P03;F002;2022-10-19;Facture;35893,69;0,2;7178,74;43072,43;À payer
FA000041;OP01;EN0010;P03;F002;2022-11-10;Facture;33210,07;0,2;6642,01;39852,08;Payée
FA000042;OP01;EN0011;P04;F001;2022-03-16;Facture;2088437,07;0,2;417687,41;2506124,48;Payée
FA000043;OP01;EN0011;P03;F001;2022-04-12;Facture;3787919,17;0,2;757583,83;4545196,0;Rejetée
FA000044;OP01;EN0012;P04;F003;2022-11-20;Facture;40668,18;0,2;8133,64;48801,82;Payée
FA000045;OP01;EN0012;P04;F003;2022-12-19;Facture;47673,08;0,2;9534,62;57207,7;Payée
FA000046;OP01;EN0012;P04;F003;2023-01-31;Facture;107326,0;0,2;21465,2;128791,2;À payer
FA000047;OP01;EN0012;P04;F003;2023-02-20;Facture;49116,81;0,2;9823,36;58940,17;Payée
FA000048;OP01;EN0012;P04;F003;2023-04-06;Facture;30049,77;0,2;6009,95;36059,72;À payer
FA000049;OP01;EN0012;P04;F003;2023-04-19;Facture;111816,62;0,2;22363,32;134179,94;Payée
FA000050;OP01;EN0013;P04;F037;2026-05-04;Facture;2909,07;0,2;581,81;3490,88;Payée
FA000051;OP01;EN0013;P04;F037;2026-06-08;Facture;23655,38;0,2;4731,08;28386,46;Payée
FA000052;OP01;EN0013;P04;F037;2026-07-09;Facture;7117,38;0,2;1423,48;8540,86;Payée
FA000053;OP01;EN0013;P04;F037;2026-08-06;Facture;8930,13;0,2;1786,03;10716,16;Payée
FA000054;OP01;EN0013;P04;F037;2026-09-14;Facture;12245,4;0,2;2449,08;14694,48;Payée
FA000055;OP01;EN0014;P04;F025;2024-09-23;Facture;464370,8;0,2;92874,16;557244,96;Payée
FA000056;OP01;EN0014;P04;F025;2024-10-18;Facture;230961,34;0,2;46192,27;277153,61;Payée
FA000057;OP01;EN0015;P07;F027;2025-07-19;Facture;106201,33;0,2;21240,27;127441,6;Payée
FA000058;OP01;EN0015;P07;F027;2025-08-21;Facture;43140,58;0,2;8628,12;51768,7;Payée
FA000059;OP01;EN0015;P07;F027;2025-09-12;Facture;35911,11;0,2;7182,22;43093,33;À payer
FA000060;OP02;EN0016;P01;F027;2023-08-13;Facture;119168,92;0,2;23833,78;143309,7;À payer
FA000061;OP02;EN0016;P01;F027;2023-09-08;Facture;231097,61;0,2;46219,52;277317,13;Payée
FA000062;OP02;EN0016;P01;F027;2023-10-02;Facture;103035,62;0,2;20607,12;123642,74;Payée
FA000063;OP02;EN0016;P01;F027;2023-10-25;Facture;64171,22;0,2;12834,24;77005,46;Payée
FA000064;OP02;EN0017;P02;F005;2022-12-23;Facture;617762,1;0,2;123552,42;741314,52;À payer
FA000065;OP02;EN0017;P02;F005;2023-01-31;Facture;249540,21;0,2;49908,04;299448,25;Payée
FA000066;OP02;EN0018;P02;F014;2024-11-20;Facture;161143,3;0,2;32228,66;193371,96;Payée
FA000067;OP02;EN0018;P02;F014;2024-12-24;Facture;559687,2;0,2;111937,44;671624,64;À payer
FA000068;OP02;EN0018;P02;F014;2025-01-17;Facture;107705,37;0,2;21541,07;129246,44;Payée
FA000069;OP02;EN0019;P02;F037;2023-03-02;Facture;236671,17;0,2;47334,23;284005,4;Payée
FA000070;OP02;EN0019;P02;F037;2023-04-10;Facture;150215,73;0,2;30043,15;180258,88;Payée
FA000071;OP02;EN0019;P02;F037;2023-05-15;Facture;228432,2;0,2;45686,44;274118,64;Payée
FA000072;OP02;EN0019;P02;F037;2023-06-11;Facture;79989,07;0,2;15997,81;95986,88;À payer
FA000073;OP02;EN0019;P02;F037;2023-07-08;Facture;81640,74;0,2;16328,15;97968,89;Payée
FA000074;OP02;EN0019;P02;F037;2023-07-30;Facture;99594,98;0,2;19919,0;119513,98;Payée
FA000075;OP02;EN0020;P03;F009;2023-08-16;Facture;65773,88;0,2;13154,78;78928,66;À payer
FA000076;OP02;EN0020;P03;F009;2023-09-02;Facture;43879,63;0,2;8775,93;52655,56;Payée
FA000077;OP02;EN0020;P03;F009;2023-09-29;Facture;98441,01;0,2;19688,2;118129,21;À payer
FA000078;OP02;EN0020;P03;F009;2023-11-08;Facture;28674,56;0,2;5734,91;34409,47;Payée
FA000079;OP02;EN0020;P03;F009;2023-12-06;Facture;50034,21;0,2;10006,84;60041,05;Payée
FA000080;OP02;EN0020;P03;F009;2024-01-07;Facture;34360,42;0,2;6872,08;41232,5;À payer
FA000081;OP02;EN0021;P03;F013;2025-12-29;Facture;1437782,1;0,2;287556,42;1725338,52;Payée
FA000082;OP02;EN0021;P03;F013;2026-01-09;Facture;1935792,43;0,2;387158,49;2322950,92;Payée
FA000083;OP02;EN0022;P03;F033;2024-02-01;Facture;1885,94;0,2;377,19;2263,13;Payée
FA000084;OP02;EN0022;P03;F033;2024-03-03;Facture;1728,82;0,2;345,76;2074,58;Payée
FA000085;OP02;EN0022;P03;F033;2024-03-30;Facture;2486,67;0,2;497,33;2984,0;Payée
FA000086;OP02;EN0022;P03;F033;2024-05-07;Avoir;147,08;0,2;29,42;176,5;À payer
FA000087;OP02;EN0022;P03;F033;2024-05-24;Facture;2645,57;0,2;529,11;3174,68;Payée
FA000088;OP02;EN9571;P03;F033;2024-07-05;Facture;2400,63;0,2;480,13;2880,76;Payée
FA000089;OP02;EN0023;P03;F028;2025-06-26;Facture;42225,86;0,2;8445,17;50671,03;Payée
FA000090;OP02;EN0023;P03;F028;2025-08-07;Facture;57237,34;0,2;11447,47;68684,81;Payée
FA000091;OP02;EN0024;P03;F017;2024-05-29;Facture;311450,45;0,2;62290,09;373740,54;Payée
FA000092;OP02;EN0024;P03;F017;2024-07-09;Facture;162999,89;0,2;32599,98;195599,87;Payée
FA000093;OP02;EN0024;P03;F017;2024-08-02;Facture;248924,75;0,2;49784,95;298709,7;Payée
FA000094;OP02;EN0024;P03;F017;2024-09-05;Facture;489295,75;0,2;97859,15;587154,9;Payée
FA000095;OP02;EN0024;P03;F017;2024-10-03;Facture;38999,3;0,2;7799,86;46799,16;Payée
FA000096;OP02;EN0024;P03;F017;2024-11-04;Facture;185258,97;0,2;37051,79;222310,76;Payée
FA000097;OP02;EN0025;P04;F035;2023-11-05;Facture;58990,76;0,2;11798,15;70788,91;Payée
FA000098;OP02;EN0025;P04;F035;2023-11-30;Facture;57455,69;0,2;11491,14;68946,83;Payée
FA000099;OP02;EN0026;P04;F033;2023-07-09;Facture;253128,5;0,2;50625,7;303754,2;Payée
FA000100;OP02;EN0026;P04;F033;2023-07-31;Facture;145320,6;0,2;29064,12;174384,72;Payée
FA000101;OP02;EN0027;P04;F007;2023-01-02;Facture;137105,84;0,2;27421,17;164527,01;Payée
FA000102;OP02;EN0027;P04;F007;2023-01-22;Facture;22295,65;0,2;4459,13;26754,78;Payée
FA000103;OP02;EN0027;P04;F007;2023-02-16;Facture;87551,79;0,2;17510,36;105062,15;Payée
FA000104;OP02;EN0027;P04;F007;2023-03-23;Facture;69067,9;0,2;13813,58;82881,48;Payée
FA000105;OP02;EN0028;P04;F032;2022-11-22;Facture;16657,48;0,2;3331,5;19988,98;Payée
FA000106;OP02;EN0028;P04;F032;2022-12-12;Facture;54854,26;0,2;10970,85;65825,11;Payée
FA000107;OP02;EN0028;P04;F032;2023-01-16;Facture;50349,13;0,2;10069,83;60418,96;À payer
FA000108;OP02;EN0028;P04;F032;2023-02-02;Facture;19615,77;0,2;3923,15;23538,92;Payée
FA000109;OP02;EN0028;P04;F032;2022-09-08;Facture;29749,07;0,2;5949,81;35698,88;Payée
FA000110;OP02;EN0029;P07;F006;2023-04-25;Facture;15479,24;0,2;3095,85;18575,09;Payée
FA000111;OP02;EN0029;P07;F006;2023-05-25;Facture;8944,38;0,2;1788,88;10733,26;Payée
FA000112;OP02;EN0029;P07;F006;2023-06-16;Facture;5136,91;0,2;1027,38;6164,29;Payée
FA000113;OP02;EN0029;P07;F006;2023-07-23;Facture;22248,62;0,2;4449,72;26698,34;Payée
FA000114;OP02;EN0030;P07;F001;2024-02-09;Facture;39964,19;0,2;7992,84;47957,03;Payée
FA000115;OP02;EN0030;P07;F001;2024-03-14;Facture;20139,24;0,2;4027,85;24167,09;Payée
FA000116;OP03;EN0031;P01;F036;2025-11-10;Facture;45287,25;0,2;9057,45;54344,7;Payée
FA000117;OP03;EN0031;P01;F036;2025-12-04;Facture;82964,12;0,2;16592,82;99556,94;Payée
FA000118;OP03;EN0031;P01;F036;2026-01-04;Facture;77331,17;0,2;15466,23;92797,4;À payer
FA000119;OP03;EN0031;P01;F036;2026-01-23;Facture;26601,83;0,2;5320,37;31922,2;Payée
FA000120;OP03;EN0032;P02;F020;2025-02-26;Facture;14601,01;0,2;2920,2;17521,21;À payer
FA000121;OP03;EN0032;P02;F020;2025-04-01;Facture;48416,67;0,2;9683,33;58100,0;Payée
FA000122;OP03;EN0032;P02;F020;2025-05-03;Facture;42216,61;0,2;8443,32;50659,93;Payée
FA000123;OP03;EN0032;P02;F020;2025-05-23;Facture;101340,72;0,2;20268,14;121608,86;Payée
FA000124;OP03;EN0032;P02;F020;2025-06-19;Facture;45771,33;0,2;9154,27;54925,6;Payée
FA000125;OP03;EN0033;P02;F011;2024-04-26;Facture;146285,0;0,2;29257,0;175542,0;Payée
FA000126;OP03;EN0033;P02;F011;2024-05-26;Facture;62513,58;0,2;12502,72;75016,3;Payée
FA000127;OP03;EN0034;P02;F009;2023-06-11;Facture;110182,88;0,2;22036,58;132219,46;À payer
FA000128;OP03;EN0034;P02;F009;2023-07-18;Facture;44642,83;0,2;8928,57;53571,4;Payée
FA000129;OP03;EN0034;P02;F009;2023-08-05;Facture;44863,77;0,2;8972,75;53836,52;Payée
FA000130;OP03;EN0034;P02;F009;2023-09-11;Facture;16785,11;0,2;3357,02;20142,13;Payée
FA000131;OP03;EN0034;P02;F009;2023-10-17;Facture;119750,93;0,2;23950,19;143701,12;Payée
FA000132;OP03;EN0035;P02;F024;2024-08-27;Facture;44465,75;0,2;8893,15;53358,9;Payée
FA000133;OP03;EN0035;P02;F024;2024-09-23;Facture;126225,21;0,2;25245,04;151470,25;Payée
FA000134;OP03;EN0036;P03;F008;2023-07-23;Facture;13543,22;0,2;2708,64;16251,86;À payer
FA000135;OP03;EN0036;P03;F008;2023-08-24;Facture;7387,57;0,2;1477,51;8865,08;Payée
FA000136;OP03;EN0036;P03;F008;2023-10-03;Facture;8220,44;0,2;1644,09;9864,53;Payée
FA000137;OP03;EN0036;P03;F008;2023-10-19;Facture;2854,24;0,2;570,85;3425,09;Payée
FA000138;OP03;EN0037;P03;F006;2024-06-07;Facture;14376,92;0,2;2875,38;17252,3;À payer
FA000139;OP03;EN0037;P03;F006;2024-07-21;Facture;132313,04;0,2;26462,61;158775,65;Payée
FA000140;OP03;EN0037;P03;F006;2024-08-16;Facture;85720,35;0,2;17144,07;102864,42;À payer
FA000141;OP03;EN0038;P03;F025;2026-09-06;Facture;186221,84;0,2;37244,37;223466,21;Payée
FA000142;OP03;EN0038;P03;F025;2026-09-26;Facture;65403,79;0,2;13080,76;78484,55;Payée
FA000143;OP03;EN0039;P03;F001;2024-01-05;Facture;69009,52;0,2;13801,9;82811,42;Payée
FA000144;OP03;EN0039;P03;F001;2024-02-12;Facture;82868,85;0,2;16573,77;99442,62;Payée
FA000145;OP03;EN0039;P03;F001;2024-03-14;Facture;115284,01;0,2;23056,8;138340,81;Payée
FA000146;OP03;EN0039;P03;F001;2024-04-15;Facture;107080,61;0,2;21416,12;128496,73;Payée
FA000147;OP03;EN0039;P03;F001;2024-05-14;Facture;81328,66;0,2;16265,73;97594,39;Payée
FA000148;OP03;EN0040;P03;F009;2025-11-14;Facture;169797,02;0,2;33959,4;203756,42;À payer
FA000149;OP03;EN0040;P03;F009;2025-12-13;Facture;103660,6;0,2;20732,12;124392,72;Payée
FA000150;OP03;EN0040;P03;F009;2026-01-11;Facture;210181,84;0,2;42036,37;252218,21;Payée
FA000151;OP03;EN0041;P03;F034;2024-11-13;Facture;41176,48;0,2;8235,3;49411,78;Payée
FA000152;OP03;EN0041;P03;F034;2024-12-21;Facture;18826,12;0,2;3765,22;22591,34;Payée
FA000153;OP03;EN0041;P03;F034;2025-01-26;Facture;20975,85;0,2;4195,17;25171,02;Payée
FA000154;OP03;EN0041;P03;F034;2025-03-02;Facture;54038,3;0,2;10807,66;64845,96;Payée
FA000155;OP03;EN0042;P04;F024;2026-07-27;Facture;30266,73;0,2;6053,35;36320,08;Payée
FA000156;OP03;EN0042;P04;F024;2026-08-22;Facture;60574,13;0,2;12114,83;72688,96;Payée
FA000157;OP03;EN0042;P04;F024;2026-09-19;Facture;27565,39;0,2;5513,08;33078,47;Payée
FA000158;OP03;EN0043;P04;F022;2024-09-07;Facture;4487,87;0,2;897,57;5385,44;Payée
FA000159;OP03;EN0043;P04;F022;2024-10-03;Facture;1022,68;0,2;204,54;1227,22;Payée
FA000160;OP03;EN0043;P04;F022;2024-11-07;Facture;3153,7;0,2;630,74;3784,44;Payée
FA000161;OP03;EN0044;P04;F005;2024-07-20;Facture;3070,81;0,2;614,16;3684,97;Payée
FA000162;OP03;EN0044;P04;F005;2024-08-16;Facture;694,62;0,2;138,92;833,54;Payée
FA000163;OP03;EN9096;P04;F005;2024-09-25;Facture;1666,08;0,2;333,22;1999,3;Payée
FA000164;OP03;EN0044;P04;F005;2024-10-25;Facture;1825,68;0,2;365,14;2190,82;Payée
FA000165;OP03;EN0045;P04;F011;2023-08-03;Facture;20923,86;0,2;4184,77;25108,63;Payée
FA000166;OP03;EN0045;P04;F011;2023-08-31;Avoir;709,71;0,2;141,94;851,65;Payée
FA000167;OP03;EN0045;P04;F011;2023-09-23;Facture;18410,5;0,2;3682,1;22092,6;Payée
FA000168;OP03;EN0046;P07;F022;2025-06-11;Facture;20946,86;0,2;4189,37;25136,23;Payée
FA000169;OP03;EN0046;P07;F022;2025-07-13;Facture;27872,62;0,2;5574,52;33447,14;Payée
FA000170;OP03;EN0046;P07;F022;2025-08-18;Facture;40158,97;0,2;8031,79;48190,76;Payée
FA000171;OP03;EN0046;P07;F022;2025-09-07;Facture;31318,61;0,2;6263,72;37582,33;Payée
FA000172;OP03;EN0047;P07;F012;2023-05-05;Facture;35399,13;0,2;7079,83;42478,96;Payée
FA000173;OP03;EN0047;P07;F012;2023-06-15;Facture;4770,53;0,2;954,11;5724,64;Payée
FA000174;OP04;EN0048;P01;F015;2021-03-31;Facture;44912,09;0,2;8982,42;53894,51;Payée
FA000175;OP04;EN0048;P01;F015;2021-04-23;Facture;526839,43;0,2;105367,89;632207,32;Payée
FA000176;OP04;EN0048;P01;F015;2021-05-18;Facture;286567,02;0,2;57313,4;343880,42;Payée
FA000177;OP04;EN0049;P02;F016;2025-08-21;Facture;555281,3;0,2;111056,26;666337,56;Payée
FA000178;OP04;EN0049;P02;F016;2025-09-14;Facture;334094,52;0,2;66818,9;400913,42;Payée
FA000179;OP04;EN0049;P02;F016;2025-10-25;Facture;195510,24;0,2;39102,05;234612,29;Payée
FA000180;OP04;EN0049;P02;F016;2025-11-12;Facture;504480,09;0,2;100896,02;605376,11;Payée
FA000181;OP04;EN0050;P02;F021;2026-02-26;Facture;1518824,81;0,2;303764,96;1822589,77;À payer
FA000182;OP04;EN0050;P02;F021;2026-03-22;Facture;546812,55;0,2;109362,51;656175,06;Payée
FA000183;OP04;EN0050;P02;F021;2026-05-02;Facture;149400,15;0,2;29880,03;179280,18;Payée
FA000184;OP04;EN0050;P02;F021;2026-05-22;Facture;708634,55;0,2;141726,91;850361,46;Payée
FA000185;OP04;EN0050;P03;F021;2026-06-28;Facture;502011,47;0,2;100402,29;602413,76;Payée
FA000186;OP04;EN0051;P03;F034;2022-12-02;Facture;259624,86;0,2;51924,97;311549,83;Payée
FA000187;OP04;EN0051;P03;F034;2022-10-05;Facture;856478,84;0,2;171295,77;1028157,61;Payée
FA000188;OP04;EN0051;P03;F034;2023-02-18;Facture;397049,15;0,2;79409,83;476458,98;Payée
FA000189;OP04;EN9914;P03;F034;2023-03-17;Facture;1036003,25;0,2;207200,65;1243203,9;Payée
FA000190;OP04;EN0051;P03;F034;2023-04-10;Facture;505773,39;0,2;101154,68;606928,07;Payée
FA000191;OP04;EN0051;P03;F034;2023-05-05;Facture;1411722,11;0,2;282344,42;1694066,53;Payée
FA000192;OP04;EN0052;P03;F008;2020-12-22;Facture;1076701,36;0,2;215340,27;1292041,63;Payée
FA000193;OP04;EN0052;P03;F008;2021-02-09;Facture;751477,56;0,2;150295,51;901773,07;Payée
FA000194;OP04;EN0053;P03;F004;2023-03-23;Facture;9712,58;0,2;1942,52;11655,1;Payée
FA000195;OP04;EN0053;P03;F004;2023-05-01;Avoir;27200,36;0,2;5440,07;32640,43;Payée
FA000196;OP04;EN0054;P03;F036;2023-04-07;Facture;692879,56;0,2;138575,91;831455,47;Payée
FA000197;OP04;EN0054;P03;F036;2023-04-24;Facture;243291,87;0,2;48658,37;291950,24;Payée
FA000198;OP04;EN0054;P03;F036;2023-06-06;Facture;741822,52;0,2;148364,5;890187,02;Payée
FA000199;OP04;EN0054;P03;F036;2023-06-20;Facture;1573750,8;0,2;314750,16;1888500,96;Payée
FA000200;OP04;EN0054;P03;F036;2023-07-30;Facture;1056800,43;0,2;211360,09;1268160,52;Payée
FA000201;OP04;EN0054;P03;F036;2023-08-18;Facture;702596,02;0,2;140519,2;843115,22;À payer
FA000202;OP04;EN0055;P03;F037;2023-03-29;Facture;82715,37;0,2;16543,07;99258,44;Payée
FA000203;OP04;EN0055;P03;F037;2023-04-21;Facture;105229,29;0,2;21045,86;126275,15;À payer
FA000204;OP04;EN0055;P03;F037;2023-05-29;Facture;26979,78;0,2;5395,96;32375,74;Payée
FA000205;OP04;EN0056;P03;F040;2021-03-31;Facture;933640,66;0,2;186728,13;1120368,79;Payée
FA000206;OP04;EN0056;P03;F040;2021-04-13;Facture;2890308,89;0,2;578061,78;3468370,67;À payer
FA000207;OP04;EN0056;P03;F040;2021-05-15;Facture;1113599,81;0,2;222719,96;1336319,77;Payée
FA000208;OP04;EN0057;P04;F006;2025-04-19;Facture;23440,61;0,2;4688,12;28128,73;Payée
FA000209;OP04;EN0057;P04;F006;2025-05-05;Facture;30114,19;0,2;6022,84;36137,03;Payée
FA000210;OP04;EN0057;P04;F006;2025-06-18;Facture;17248,88;0,2;3449,78;20698,66;Payée
FA000211;OP04;EN0057;P04;F006;2025-07-19;Facture;38429,57;0,2;7685,91;46115,48;Payée
FA000212;OP04;EN0057;P04;F006;2025-08-16;Facture;39504,56;0,2;7900,91;47405,47;Payée
FA000213;OP04;EN0058;P04;F028;2026-08-18;Avoir;-15223,75;0,2;-3044,75;-18268,5;Payée
FA000214;OP04;EN0058;P04;F028;2026-09-12;Facture;155542,35;0,2;31108,47;186650,82;Payée
FA000215;OP04;EN0059;P07;F025;2023-05-26;Facture;26413,56;0,2;5282,71;31696,27;Payée
FA000216;OP04;EN0059;P07;F025;2023-06-15;Facture;75515,02;0,2;15103,0;90618,02;À payer
FA000217;OP04;EN0060;P07;F028;2023-02-13;Facture;47365,64;0,2;9473,13;56838,77;Payée
FA000218;OP04;EN0060;P07;F028;2023-03-09;Facture;35797,52;0,2;7159,5;42957,02;Payée
FA000219;OP04;EN0060;P07;F028;2023-04-04;Facture;35817,8;0,2;7163,56;42981,36;Payée
FA000220;OP04;EN0060;P07;F028;2023-05-06;Facture;49997,83;0,2;9999,57;59997,4;Payée
FA000221;OP05;EN0061;P01;F007;2025-03-01;Facture;4726,99;0,2;945,4;5672,39;Payée
FA000222;OP05;EN0061;P01;F007;2025-04-06;Facture;30089,87;0,2;6017,97;36107,84;À payer
FA000223;OP05;EN0061;P01;F007;2025-04-25;Facture;46184,22;0,2;9236,84;55421,06;Payée
FA000224;OP05;EN0062;P01;F007;2025-05-07;Facture;14865,31;0,2;2973,06;17838,37;Payée
FA000225;OP05;EN0062;P01;F007;2025-05-25;Avoir;-5461,11;0,2;-1092,22;-6553,33;Payée
FA000226;OP05;EN0062;P01;F007;2025-06-24;Facture;26110,61;0,2;5222,12;31332,73;Payée
FA000227;OP05;EN0063;P01;F016;2024-11-30;Facture;35084,15;0,2;7016,83;42100,98;Payée
FA000228;OP05;EN0063;P01;F016;2025-01-13;Facture;26996,06;0,2;5399,21;32395,27;Payée
FA000229;OP05;EN0063;P01;F016;2025-02-05;Facture;30308,63;0,2;6061,73;36370,36;Payée
FA000230;OP05;EN0064;P02;F020;2026-04-04;Facture;82544,24;0,2;16508,85;99053,09;À payer
FA000231;OP05;EN0064;P02;F020;2026-04-22;Facture;68351,46;0,2;13670,29;82021,75;Payée
FA000232;OP05;EN0064;P02;F020;2026-06-02;Facture;92499,91;0,2;18499,98;110999,89;Payée
FA000233;OP05;EN0065;P02;F015;2024-02-24;Avoir;-98753,76;0,2;-19750,75;-118504,51;Rejetée
FA000234;OP05;EN0065;P02;F015;2024-03-27;Facture;409676,84;0,2;81935,37;491612,21;Payée
FA000235;OP05;EN0066;P02;F016;2025-07-14;Facture;20552,58;0,2;4110,52;24663,1;Payée
FA000236;OP05;EN0066;P02;F016;2025-08-01;Facture;15855,24;0,2;3171,05;19026,29;Payée
FA000237;OP05;EN0066;P02;F016;2025-09-10;Facture;9515,99;0,2;1903,2;11419,19;Payée
FA000238;OP05;EN0066;P02;F016;2025-09-30;Facture;14547,12;0,2;2909,42;17456,54;Payée
FA000239;OP05;EN0066;P02;F016;2025-11-17;Facture;9082,46;0,2;1816,49;10898,95;Payée
FA000240;OP05;EN0066;P02;F016;2025-12-09;Facture;2642,71;0,2;528,54;3171,25;Payée
FA000241;OP05;EN0067;P02;F009;2023-11-22;Facture;32006,12;0,2;6401,22;38407,34;Payée
FA000242;OP05;EN0067;P02;F009;2023-12-23;Facture;141972,24;0,2;28394,45;170366,69;Payée
FA000243;OP05;EN0067;P02;F009;2024-01-28;Facture;116092,69;0,2;23218,54;139311,23;À payer
FA000244;OP05;EN0068;P02;F033;2022-09-16;Facture;9924,01;0,2;1984,8;11908,81;Payée
FA000245;OP05;EN0068;P02;F033;2022-09-28;Facture;11977,4;0,2;2395,48;14372,88;Payée
FA000246;OP05;EN0068;P02;F033;2022-11-14;Facture;9902,84;0,2;1980,57;11883,41;Payée
FA000247;OP05;EN0068;P02;F033;2022-12-08;Facture;1965,03;0,2;393,01;2358,04;Payée
FA000248;OP05;EN0069;P03;F019;2023-12-29;Avoir;-8977,88;0,2;-1795,58;-10773,46;Payée
FA000249;OP05;EN0069;P03;F019;2024-03-20;Facture;170803,64;0,2;34160,73;204964,37;Payée
FA000250;OP05;EN0069;P03;F019;2024-05-06;Facture;121098,62;0,2;24219,72;145318,34;Payée
FA000251;OP05;EN0069;P03;F019;2024-06-02;Facture;63983,59;0,2;12796,72;76780,31;Payée
FA000252;OP05;EN0069;P03;F019;2024-06-25;Facture;86246,12;0,2;17249,22;103495,34;Payée
FA000253;OP05;EN0069;P03;F019;2024-08-02;Facture;186758,03;0,2;37351,61;224109,64;Payée
FA000254;OP05;EN0070;P03;F029;2022-05-22;Facture;341905,19;0,2;68381,04;410286,23;Payée
FA000255;OP05;EN0070;P03;F029;2022-06-16;Facture;377602,33;0,2;75520,47;453122,8;Payée
FA000256;OP05;EN0070;P03;F029;2022-07-17;Facture;267083,69;0,2;53416,74;320500,43;À payer
FA000257;OP05;EN0070;P03;F029;2022-08-23;Facture;570676,21;0,2;114135,24;684811,45;À payer
FA000258;OP05;EN0071;P03;F013;2023-12-29;Facture;449008,42;0,2;89801,68;538810,1;Payée
FA000259;OP05;EN0071;P03;F013;2024-02-12;Facture;190545,89;0,2;38109,18;228655,07;Payée
FA000260;OP05;EN0072;P03;F034;2024-08-20;Facture;60133,1;0,2;12026,62;72159,72;Payée
FA000261;OP05;EN0072;P03;F034;2024-09-08;Facture;44978,71;0,2;8995,74;53974,45;Payée
FA000262;OP05;EN0072;P03;F034;2024-10-15;Avoir;-3988,05;0,2;-797,61;-4785,66;Payée
FA000263;OP05;EN0072;P03;F034;2024-11-25;Facture;25611,61;0,2;5122,32;30733,93;Payée
FA000264;OP05;EN0073;P03;F013;2025-10-23;Avoir;-4621,7;0,2;-924,34;-5546,04;Payée
FA000265;OP05;EN0073;P03;F013;2025-11-24;Facture;161568,53;0,2;32313,71;193882,24;Payée
FA000266;OP05;EN0073;P03;F013;2025-12-20;Facture;20637,38;0,2;4127,48;24764,86;À payer
FA000267;OP05;EN0073;P03;F013;2026-01-30;Facture;63787,8;0,2;12757,56;76545,36;Payée
FA000268;OP05;EN0074;P03;F010;2023-11-02;Facture;3698,74;0,2;739,75;4438,49;Payée
FA000269;OP05;EN0074;P03;F010;2023-11-22;Facture;4919,2;0,2;983,84;5903,04;Payée
FA000270;OP05;EN0075;P04;F005;2025-07-07;Facture;52566,66;0,2;10513,33;63079,99;Payée
FA000271;OP05;EN0075;P04;F005;2025-08-12;Facture;109462,06;0,2;21892,41;131354,47;Payée
FA000272;OP05;EN0075;P04;F005;2025-09-15;Facture;37593,97;0,2;7518,79;45112,76;À payer
FA000273;OP05;EN0075;P04;F005;2025-10-12;Facture;71771,4;0,2;14354,28;86125,68;À payer
FA000274;OP05;EN0075;P04;F005;2025-11-17;Facture;77168,91;0,2;15433,78;92602,69;Payée
FA000275;OP05;EN0075;P04;F005;2025-11-28;Facture;58085,32;0,2;11617,06;69702,38;Payée
FA000276;OP05;EN0076;P04;F027;2025-04-16;Facture;53921,86;0,2;10784,37;64706,23;Payée
FA000277;OP05;EN0076;P04;F027;2025-05-09;Facture;25058,09;0,2;5011,62;30069,71;Payée
FA000278;OP05;EN0076;P04;F027;2025-06-08;Facture;29498,39;0,2;5899,68;35398,07;Payée
FA000279;OP05;EN0076;P04;F027;2025-07-03;Facture;21843,99;0,2;4368,8;26212,79;Payée
FA000280;OP05;EN9780;P04;F027;2025-08-08;Facture;38008,77;0,2;7601,75;45610,52;Payée
FA000281;OP05;EN0076;P04;F027;2025-09-09;Facture;40638,65;0,2;8127,73;48766,38;Payée
FA000282;OP05;EN0077;P07;F004;2025-06-12;Facture;12417,75;0,2;2483,55;14901,3;À payer
FA000283;OP05;EN0077;P07;F004;2025-07-15;Facture;14731,14;0,2;2946,23;17677,37;Payée
FA000284;OP05;EN0077;P07;F004;2025-08-15;Facture;25351,98;0,2;5070,4;30422,38;À payer
FA000285;OP05;EN0077;P07;F004;2025-09-18;Facture;17181,64;0,2;3436,33;20617,97;Payée
FA000286;OP05;EN0077;P07;F004;2025-10-13;Facture;23081,34;0,2;4616,27;27697,61;Payée
FA000287;OP05;EN0077;P07;F004;2025-11-10;Facture;17591,02;0,2;3518,2;21109,22;Payée
FA000288;OP06;EN0078;P01;F031;2026-05-11;Facture;20372,47;0,2;4074,49;24564,96;Payée
FA000289;OP06;EN0078;P01;F031;2026-06-06;Facture;39352,81;0,2;7870,56;47223,37;Payée
FA000290;OP06;EN0078;P01;F031;2026-07-03;Facture;11396,45;0,2;2279,29;13675,74;Payée
FA000291;OP06;EN0078;P01;F031;2026-07-26;Facture;24738,9;0,2;4947,78;29686,68;Payée
FA000292;OP06;EN9494;P01;F031;2026-08-24;Facture;27265,22;0,2;5453,04;32718,26;Payée
FA000293;OP06;EN0079;P01;F022;2024-08-13;Facture;15667,58;0,2;3133,52;18801,1;À payer
FA000294;OP06;EN0079;P01;F022;2024-09-09;Facture;5793,43;0,2;1158,69;6952,12;Payée
FA000295;OP06;EN0079;P01;F022;2024-10-10;Facture;7349,85;0,2;1469,97;8819,82;Payée
FA000296;OP06;EN0079;P01;F022;2024-10-28;Facture;2842,2;0,2;568,44;3410,64;Payée
FA000297;OP06;EN0079;P01;F022;2024-11-28;Facture;6902,88;0,2;1380,58;8283,46;Payée
FA000298;OP06;EN0079;P01;F022;2024-12-25;Facture;3268,55;0,2;653,71;3922,26;À payer
FA000299;OP06;EN0080;P02;F018;2026-06-01;Facture;13232,59;0,2;2646,52;15879,11;Payée
FA000300;OP06;EN0080;P02;F018;2026-06-17;Facture;10236,04;0,2;2047,21;12283,25;Payée
FA000301;OP06;EN0080;P02;F018;2026-07-25;Facture;13770,1;0,2;2754,02;16524,12;Payée
FA000302;OP06;EN0081;P02;F038;2026-08-06;Facture;186319,78;0,2;37263,96;223583,74;Payée
FA000303;OP06;EN0081;P02;F038;2026-09-23;Facture;233602,23;0,2;46720,45;280322,68;Payée
FA000304;OP06;EN0082;P02;F016;2024-09-24;Facture;74694,11;0,2;14938,82;89632,93;Rejetée
FA000305;OP06;EN0082;P02;F016;2024-10-20;Facture;86846,75;0,2;17369,35;104216,1;Payée
FA000306;OP06;EN0082;P02;F016;2024-11-27;Facture;27689,73;0,2;5537,95;33227,68;Payée
FA000307;OP06;EN0082;P02;F016;2024-12-18;Facture;159308,36;0,2;31861,67;191106,03;Payée
FA000308;OP06;EN0082;P02;F016;2025-01-24;Facture;25055,52;0,2;5011,1;30066,62;Rejetée
FA000309;OP06;EN0083;P03;F029;2024-12-05;Facture;15430,7;0,2;3086,14;18516,84;Payée
FA000310;OP06;EN0083;P03;F029;2025-01-02;Facture;14097,24;0,2;2819,45;16916,69;Payée
FA000311;OP06;EN0084;P03;F010;2025-01-09;Facture;277957,87;0,2;55591,57;333549,44;À payer
FA000312;OP06;EN0084;P03;F010;2025-02-12;Facture;87507,82;0,2;17501,56;105009,38;Payée
FA000313;OP06;EN0084;P03;F010;2024-11-10;Facture;45729,79;0,2;9145,96;54875,75;Payée
FA000314;OP06;EN0085;P03;F009;2025-06-16;Facture;63667,47;0,2;12733,49;76400,96;Payée
FA000315;OP06;EN0085;P03;F009;2025-07-11;Facture;83127,27;0,2;16625,45;99752,72;Payée
FA000316;OP06;EN0085;P03;F009;2025-08-06;Facture;43601,48;0,2;8720,3;52321,78;À payer
FA000317;OP06;EN0085;P03;F009;2025-09-16;Avoir;-6510,81;0,2;-1302,16;-7812,97;À payer
FA000318;OP06;EN0085;P03;F009;2025-10-05;Facture;121059,38;0,2;24211,88;145271,26;Payée
FA000319;OP06;EN0085;P03;F009;2025-11-04;Facture;48566,45;0,2;9713,29;58279,74;Payée
FA000320;OP06;EN0086;P03;F027;2024-10-05;Facture;81220,52;0,2;16244,1;97464,62;Payée
FA000321;OP06;EN0086;P03;F027;2024-11-17;Facture;226329,97;0,2;45265,99;271595,96;Payée
FA000322;OP06;EN0086;P03;F027;2024-12-11;Facture;86054,67;0,2;17210,93;103265,6;Payée
FA000323;OP06;EN0087;P03;F011;2025-05-03;Facture;29704,84;0,2;5940,97;35645,81;Payée
FA000324;OP06;EN0087;P03;F011;2025-05-24;Facture;31006,68;0,2;6201,34;37208,02;Payée
FA000325;OP06;EN0087;P03;F011;2025-06-17;Facture;31354,27;0,2;6270,85;37625,12;Payée
FA000326;OP06;EN0088;P03;F017;2026-05-04;Facture;7814,35;0,2;1562,87;9377,22;À payer
FA000327;OP06;EN0088;P03;F017;2026-06-06;Facture;20114,37;0,2;4022,87;24137,24;Payée
FA000328;OP06;EN0088;P03;F017;2026-07-17;Facture;17886,16;0,2;3577,23;21463,39;Payée
FA000329;OP06;EN0088;P03;F017;2026-08-09;Facture;2272,79;0,2;454,56;2727,35;Payée
FA000330;OP06;EN0089;P04;F025;2025-03-09;Facture;5729,59;0,2;1145,92;6875,51;Payée
FA000331;OP06;EN0089;P04;F025;2025-03-28;Facture;10275,64;0,2;2055,13;12330,77;Payée
FA000332;OP06;EN0090;P04;F039;2026-01-23;Facture;38969,21;0,2;7793,84;46763,05;Payée
FA000333;OP06;EN0090;P04;F039;2026-03-05;Facture;10574,32;0,2;2114,86;12689,18;Payée
FA000334;OP06;EN0090;P04;F039;2026-04-03;Facture;24844,17;0,2;4968,83;29813,0;Payée
FA000335;OP06;EN0090;P04;F039;2026-04-23;Facture;23790,88;0,2;4758,18;28549,06;Payée
FA000336;OP06;EN0091;P04;F006;2024-09-18;Facture;8307,64;0,2;1661,53;9969,17;Payée
FA000337;OP06;EN0091;P04;F006;2024-10-19;Avoir;-7460,21;0,2;-1492,04;-8952,25;Payée
FA000338;OP06;EN0092;P04;F015;2024-11-10;Facture;21376,59;0,2;4275,32;25651,91;Payée
FA000339;OP06;EN0092;P04;F015;2024-12-07;Facture;11012,76;0,2;2202,55;13215,31;Payée
FA000340;OP06;EN0092;P04;F015;2025-01-19;Facture;7189,32;0,2;1437,86;8627,18;Payée
FA000341;OP06;EN9527;P04;F015;2025-02-06;Facture;21875,93;0,2;4375,19;26251,12;Payée
FA000342;OP06;EN9225;P04;F015;2025-03-05;Facture;17698,18;0,2;3539,64;21237,82;Payée
FA000343;OP06;EN0093;P07;F023;2026-06-29;Facture;13891,7;0,2;2778,34;16670,04;À payer
FA000344;OP06;EN0093;P07;F023;2026-07-24;Facture;15977,79;0,2;3195,56;19173,35;À payer
FA000345;OP06;EN0093;P07;F023;2026-09-03;Facture;13509,14;0,2;2701,83;16210,97;Payée
FA000346;OP06;EN0093;P07;F023;2026-09-29;Facture;10377,81;0,2;2075,56;12453,37;Payée
FA000347;OP07;EN0094;P01;F028;2024-07-27;Facture;15653,08;0,2;3130,62;18783,7;Payée
FA000348;OP07;EN0094;P01;F028;2024-08-22;Facture;46682,5;0,2;9336,5;56019,0;Payée
FA000349;OP07;EN0095;P01;F030;2024-04-11;Avoir;-864,28;0,2;-172,86;-564,14;À payer
FA000350;OP07;EN0095;P01;F030;2024-05-14;Facture;3775,11;0,2;755,02;4530,13;Payée
FA000351;OP07;EN0095;P01;F030;2024-05-29;Facture;2590,4;0,2;518,08;3108,48;Payée
FA000352;OP07;EN0096;P01;F026;2025-08-29;Facture;39632,0;0,2;7926,4;47558,4;Payée
FA000353;OP07;EN0096;P01;F026;2025-10-06;Facture;57022,71;0,2;11404,54;68427,25;Payée
FA000354;OP07;EN0096;P01;F026;2025-11-06;Facture;41373,51;0,2;8274,7;49648,21;Payée
FA000355;OP07;EN0097;P02;F036;2025-07-21;Facture;211961,93;0,2;42392,39;254354,32;Payée
FA000356;OP07;EN0097;P02;F036;2025-08-07;Facture;73025,7;0,2;14605,14;87630,84;Payée
FA000357;OP07;EN0097;P02;F036;2025-09-04;Facture;48570,9;0,2;9714,18;58285,08;Payée
FA000358;OP07;EN0097;P02;F036;2025-10-19;Facture;55555,54;0,2;11111,11;66666,65;Payée
FA000359;OP07;EN0097;P02;F036;2025-11-12;Facture;65288,84;0,2;13057,77;78346,61;À payer
FA000360;OP07;EN0097;P02;F036;2025-12-07;Facture;55842,69;0,2;11168,54;67011,23;Payée
FA000361;OP07;EN0098;P02;F002;2024-05-10;Facture;66276,46;0,2;13255,29;79531,75;Payée
FA000362;OP07;EN0098;P02;F002;2024-06-09;Facture;40392,52;0,2;8078,5;48471,02;Payée
FA000363;OP07;EN0098;P02;F002;2024-07-10;Facture;207276,89;0,2;41455,38;248732,27;Payée
FA000364;OP07;EN0098;P02;F002;2024-08-17;Facture;122306,02;0,2;24461,2;146767,22;Payée
FA000365;OP07;EN0098;P02;F002;2024-09-07;Facture;220622,22;0,2;44124,44;264746,66;Payée
FA000366;OP07;EN0098;P02;F002;2024-10-14;Facture;113989,14;0,2;22797,83;136786,97;Payée
FA000367;OP07;EN0099;P03;F024;2026-09-05;Facture;39503,45;0,2;7900,69;47404,14;Payée
FA000368;OP07;EN0099;P03;F024;2026-09-27;Facture;24924,49;0,2;4984,9;29909,39;Payée
FA000369;OP07;EN0100;P03;F007;2025-06-08;Facture;581002,46;0,2;116200,49;697202,95;Payée
FA000370;OP07;EN0100;P03;F007;2025-07-10;Facture;107456,39;0,2;21491,28;128947,67;Payée
FA000371;OP07;EN0100;P03;F007;2025-08-18;Facture;547237,45;0,2;109447,49;656684,94;Payée
FA000372;OP07;EN0101;P03;F021;2024-06-16;Facture;166657,65;0,2;33331,53;199989,18;Payée
FA000373;OP07;EN0101;P03;F021;2024-07-22;Avoir;-84034,07;0,2;-16806,81;-100840,88;Payée
FA000374;OP07;EN0101;P03;F021;2024-08-21;Facture;313865,03;0,2;62773,01;376638,04;À payer
FA000375;OP07;EN9891;P03;F021;2024-09-10;Facture;79060,3;0,2;15812,06;94872,36;Payée
FA000376;OP07;EN0101;P03;F021;2024-10-21;Facture;618279,67;0,2;123655,93;741935,6;Payée
FA000377;OP07;EN0101;P03;F021;2024-04-20;Facture;117961,8;0,2;23592,36;141554,16;Payée
FA000378;OP07;EN0102;P04;F032;2023-12-11;Facture;13437,09;0,2;2687,42;16124,51;Payée
FA000379;OP07;EN0102;P04;F032;2024-01-19;Facture;130488,03;0,2;26097,61;156585,64;Payée
FA000380;OP07;EN0102;P04;F032;2024-02-08;Facture;58446,03;0,2;11689,21;70135,24;Payée
FA000381;OP07;EN0102;P04;F032;2024-03-20;Facture;32929,79;0,2;6585,96;39515,75;Payée
FA000382;OP07;EN0102;P04;F032;2024-04-07;Facture;82374,97;0,2;16474,99;98849,96;Payée
FA000383;OP07;EN0102;P04;F032;2024-05-12;Avoir;-8825,71;0,2;-1765,14;-10590,85;Payée
FA000384;OP07;EN0103;P04;F029;2025-01-18;Facture;1359,51;0,2;271,9;1631,41;À payer
FA000385;OP07;EN0103;P04;F029;2025-02-18;Facture;1828,0;0,2;365,6;2193,6;À payer
FA000386;OP07;EN0103;P04;F029;2025-03-19;Facture;4486,12;0,2;897,22;5383,34;Payée
FA000387;OP07;EN0103;P04;F029;2025-04-29;Facture;4787,72;0,2;957,54;5745,26;Payée
FA000388;OP07;EN0103;P04;F029;2025-05-26;Facture;2178,24;0,2;435,65;2613,89;Payée
FA000389;OP07;EN0103;P04;F029;2025-06-30;Facture;946,5;0,2;189,3;1135,8;Payée
FA000390;OP07;EN0104;P04;F025;2026-08-21;Facture;8821,23;0,2;1764,25;10585,48;Payée
FA000391;OP07;EN0104;P04;F025;2026-09-15;Avoir;-11440,9;0,2;-2288,18;-13729,08;Payée
FA000392;OP07;EN0105;P07;F023;2024-05-06;Facture;20454,49;0,2;4090,9;24545,39;Payée
FA000393;OP07;EN0105;P07;F023;2024-05-30;Facture;20098,58;0,2;4019,72;24118,3;Payée
FA000394;OP07;EN0105;P07;F023;2024-06-17;Facture;20850,18;0,2;4170,04;25020,22;À payer
FA000395;OP08;EN0106;P01;F036;2025-10-12;Facture;22388,0;0,2;4477,6;26865,6;Payée
FA000396;OP08;EN0106;P01;F036;2025-08-04;Facture;49864,01;0,2;9972,8;59836,81;Payée
FA000397;OP08;EN0106;P01;F036;2025-12-03;Facture;71622,43;0,2;14324,49;85946,92;Payée
FA000398;OP08;EN0106;P01;F036;2025-12-25;Facture;21220,94;0,2;4244,19;25465,13;Payée
FA000399;OP08;EN0106;P01;F036;2026-01-29;Facture;12842,57;0,2;2568,51;15411,08;Payée
FA000400;OP08;EN0106;P01;F036;2026-03-02;Facture;40416,96;0,2;8083,39;48500,35;Payée
FA000401;OP08;EN0107;P02;F037;2026-06-14;Facture;22518,89;0,2;4503,78;27022,67;À payer
FA000402;OP08;EN0107;P02;F037;2026-07-12;Facture;2006,25;0,2;401,25;2303,5;Payée
FA000403;OP08;EN0107;P02;F037;2026-08-16;Facture;12406,66;0,2;2481,33;14887,99;Payée
FA000404;OP08;EN0107;P02;F037;2026-09-02;Facture;14122,87;0,2;2824,57;16947,44;Rejetée
FA000405;OP08;EN0108;P02;F007;2026-01-26;Facture;187447,02;0,2;37489,4;224936,42;Payée
FA000406;OP08;EN0108;P02;F007;2026-03-09;Facture;247031,78;0,2;49406,36;296438,14;Payée
FA000407;OP08;EN0109;P02;F025;2025-12-21;Facture;162569,74;0,2;32513,95;195083,69;Payée
FA000408;OP08;EN0109;P02;F025;2026-01-14;Facture;314121,5;0,2;62824,3;376945,8;Payée
FA000409;OP08;EN0109;P02;F025;2026-02-12;Facture;104905,53;0,2;20981,11;125886,64;À payer
FA000410;OP08;EN0109;P02;F025;2026-03-10;Facture;291821,8;0,2;58364,36;350186,16;Payée
FA000411;OP08;EN0109;P02;F025;2026-04-18;Facture;16657,08;0,2;3331,42;19988,5;Payée
FA000412;OP08;EN0109;P02;F025;2026-05-20;Facture;129870,96;0,2;25974,19;155845,15;À payer
FA000413;OP08;EN0110;P03;F027;2025-06-19;Facture;9498,94;0,2;1899,79;11398,73;Payée
FA000414;OP08;EN0110;P03;F027;2025-07-24;Facture;3509,05;0,2;701,81;4210,86;Payée
FA000415;OP08;EN0110;P03;F027;2025-08-18;Facture;19684,79;0,2;3936,96;23621,75;Payée
FA000416;OP08;EN0110;P03;F027;2025-09-29;Facture;12414,05;0,2;2482,81;14896,86;À payer
FA000417;OP08;EN0110;P03;F027;2025-10-18;Facture;44437,9;0,2;8887,58;53325,48;Payée
FA000418;OP08;EN0111;P03;F024;2024-12-28;Facture;428688,17;0,2;85737,63;514425,8;À payer
FA000419;OP08;EN0111;P03;F024;2025-01-18;Facture;773904,33;0,2;154780,87;928685,2;Payée
FA000420;OP08;EN0111;P03;F024;2025-02-19;Facture;216084,35;0,2;43216,87;259301,22;Payée
FA000421;OP08;EN0111;P03;F024;2025-03-22;Facture;1128933,79;0,2;225786,76;1354720,55;Payée
FA000422;OP08;EN0112;P03;F039;2025-04-12;Facture;25335,91;0,2;5067,18;30403,09;Payée
FA000423;OP08;EN0112;P03;F039;2025-05-03;Facture;16702,24;0,2;3340,45;20042,69;Payée
FA000424;OP08;EN0113;P04;F020;2026-03-23;Facture;29926,15;0,2;5985,23;35911,38;À payer
FA000425;OP08;EN0113;P03;F020;2026-04-04;Facture;19514,81;0,2;3902,96;23417,77;Payée
FA000426;OP08;EN0113;P03;F020;2026-05-14;Facture;23811,42;0,2;4762,28;28573,7;Payée
FA000427;OP08;EN0113;P03;F020;2026-06-09;Facture;1008,05;0,2;201,61;1209,66;Payée
FA000428;OP08;EN0113;P03;F020;2026-07-19;Facture;21758,94;0,2;4351,79;26110,73;À payer
FA000429;OP08;EN0113;P03;F020;2026-08-12;Facture;11665,3;0,2;2333,06;13998,36;Payée
FA000430;OP08;EN0114;P03;F032;2026-08-30;Facture;63373,15;0,2;12674,63;76047,78;Payée
FA000431;OP08;EN0114;P03;F032;2026-09-17;Facture;13371,06;0,2;2674,21;16045,27;Payée
FA000432;OP08;EN0115;P03;F009;2025-05-01;Facture;14403,38;0,2;2880,68;17284,06;Payée
FA000433;OP08;EN0115;P03;F009;2025-06-01;Facture;11086,84;0,2;2217,37;13304,21;Payée
FA000434;OP08;EN0115;P03;F009;2025-06-30;Facture;22375,76;0,2;4475,15;26850,91;Payée
FA000435;OP08;EN0115;P03;F009;2025-07-23;Facture;17514,65;0,2;3502,93;21017,58;Payée
FA000436;OP08;EN0115;P03;F009;2025-08-28;Facture;20121,04;0,2;4024,21;24145,25;Payée
FA000437;OP08;EN0116;P04;F030;2025-08-05;Facture;16138,39;0,2;3227,68;19366,07;Payée
FA000438;OP08;EN0116;P04;F030;2025-09-10;Facture;26544,62;0,2;5308,92;31853,54;Payée
FA000439;OP08;EN0116;P04;F030;2025-10-11;Facture;8483,27;0,2;1696,65;10179,92;À payer
FA000440;OP08;EN0116;P04;F030;2025-11-04;Facture;11602,56;0,2;2320,51;13923,07;Payée
FA000441;OP08;EN0117;P04;F010;2025-12-19;Facture;54239,01;0,2;10847,8;65086,81;Payée
FA000442;OP08;EN0117;P04;F010;2026-01-21;Facture;37443,02;0,2;7488,6;44931,62;Payée
FA000443;OP08;EN0117;P04;F010;2026-02-06;Facture;30445,12;0,2;6089,02;36534,14;Payée
FA000444;OP08;EN0117;P04;F010;2026-03-09;Facture;31318,07;0,2;6263,61;37581,68;À payer
FA000445;OP08;EN0117;P04;F010;2026-04-03;Facture;38821,2;0,2;7764,24;46585,44;Payée
FA000446;OP08;EN0117;P04;F010;2026-05-15;Facture;46142,53;0,2;9228,51;55777,04;Payée
FA000447;OP08;EN0118;P04;F024;2026-07-23;Facture;9641,27;0,2;1928,25;11569,52;Payée
FA000448;OP08;EN0118;P04;F024;2026-08-08;Facture;2513,88;0,2;502,78;3016,66;Payée
FA000449;OP08;EN0118;P04;F024;2026-09-17;Facture;29199,97;0,2;5839,99;35039,96;Payée
FA000450;OP08;EN0119;P04;F018;2026-03-15;Facture;57318,21;0,2;11463,64;68781,85;Payée
FA000451;OP08;EN0119;P04;F018;2026-05-01;Facture;21424,34;0,2;4284,87;25709,21;Payée
FA000452;OP08;EN0119;P04;F018;2026-05-13;Facture;13665,5;0,2;2733,1;16398,6;Payée
FA000453;OP08;EN0119;P04;F018;2026-06-11;Facture;22715,4;0,2;4543,08;27258,48;Payée
FA000454;OP08;EN0120;P07;F015;2025-09-25;Facture;14217,99;0,2;2843,6;17061,59;Payée
FA000455;OP08;EN0120;P07;F015;2025-10-18;Facture;19193,69;0,2;3838,74;23032,43;Payée
FA000456;OP08;EN0120;P07;F015;2025-11-30;Facture;8576,52;0,2;1715,3;10291,82;Payée
FA000457;OP08;EN0120;P07;F015;2025-12-18;Facture;8625,45;0,2;1725,09;10350,54;Payée
FA000458;OP08;EN0120;P07;F015;2026-02-03;Facture;13701,19;0,2;2740,24;16441,43;Payée
FA000459;OP01;;P05;F900;2021-03-28;Facture;40887,61;0,0;0,0;40887,61;Payée
FA000460;OP01;;P05;F900;2021-06-28;Facture;40887,61;0,0;0,0;40887,61;Payée
FA000461;OP01;;P05;F900;2021-09-28;Facture;40887,61;0,0;0,0;40887,61;Payée
FA000462;OP01;;P05;F900;2021-12-28;Facture;40887,61;0,0;0,0;40887,61;Payée
FA000463;OP01;;P05;F900;2022-03-28;Facture;40887,61;0,0;0,0;40887,61;Payée
FA000464;OP01;;P05;F900;2022-06-28;Facture;40887,61;0,0;0,0;41344,61;Payée
FA000465;OP01;;P05;F900;2022-09-28;Facture;40887,61;0,0;0,0;40887,61;Payée
FA000466;OP01;;P05;F900;2022-12-28;Facture;40887,61;0,0;0,0;40887,61;Payée
FA000467;OP01;;P05;F900;2023-03-28;Facture;40887,61;0,0;0,0;40887,61;Payée
FA000468;OP01;;P05;F900;2023-06-28;Facture;40887,61;0,0;0,0;40887,61;Payée
FA000469;OP01;;P05;F900;2023-09-28;Facture;40887,61;0,0;0,0;40887,61;Payée
FA000470;OP01;;P05;F900;2023-12-28;Facture;40887,61;0,0;0,0;40887,61;Payée
FA000471;OP01;;P05;F900;2024-03-28;Facture;40887,61;0,0;0,0;40887,61;Payée
FA000472;OP01;;P05;F900;2024-06-28;Facture;40887,61;0,0;0,0;40887,61;Payée
FA000473;OP01;;P05;F900;2024-09-28;Facture;40887,61;0,0;0,0;40887,61;Payée
FA000474;OP01;;P05;F900;2024-12-28;Facture;40887,61;0,0;0,0;40887,61;Payée
FA000475;OP01;;P05;F900;2025-03-28;Facture;40887,61;0,0;0,0;40887,61;Payée
FA000476;OP01;;P05;F900;2025-06-28;Facture;40887,61;0,0;0,0;40887,61;Payée
FA000477;OP01;;P05;F900;2025-09-28;Facture;40887,61;0,0;0,0;40887,61;Payée
FA000478;OP01;;P05;F900;2025-12-28;Facture;40887,61;0,0;0,0;40887,61;Payée
FA000479;OP01;;P05;F900;2026-03-28;Facture;40887,61;0,0;0,0;40887,61;Payée
FA000480;OP01;;P05;F900;2026-06-28;Facture;40887,61;0,0;0,0;40887,61;Payée
FA000481;OP01;;P05;F900;2026-09-28;Facture;40887,61;0,0;0,0;40887,61;Payée
FA000482;OP01;;P06;F900;2021-12-15;Facture;166753,53;0,2;33350,71;200104,24;Payée
FA000483;OP01;;P06;F900;2022-12-15;Facture;166753,53;0,2;33350,71;200104,24;Payée
FA000484;OP01;;P06;F900;2023-12-15;Facture;166753,53;0,2;33350,71;200104,24;Payée
FA000485;OP01;;P06;F900;2024-12-15;Facture;166753,53;0,2;33350,71;200104,24;Payée
FA000486;OP01;;P06;F900;2025-12-15;Facture;166753,53;0,2;33350,71;200104,24;Payée
FA000487;OP02;;P05;F900;2022-06-28;Facture;25585,66;0,0;0,0;25585,66;Payée
FA000488;OP02;;P05;F900;2022-09-28;Facture;25585,66;0,0;0,0;25585,66;Payée
FA000489;OP02;;P05;F900;2022-12-28;Facture;25585,66;0,0;0,0;25585,66;Payée
FA000490;OP02;;P05;F900;2023-03-28;Facture;25585,66;0,0;0,0;25585,66;Payée
FA000491;OP02;;P05;F900;2023-06-28;Facture;25585,66;0,0;0,0;25585,66;Payée
FA000492;OP02;;P05;F900;2023-09-28;Facture;25585,66;0,0;0,0;25585,66;Payée
FA000493;OP02;;P05;F900;2023-12-28;Facture;25585,66;0,0;0,0;25585,66;Payée
FA000494;OP02;;P05;F900;2024-03-28;Facture;25585,66;0,0;0,0;25585,66;Payée
FA000495;OP02;;P05;F900;2024-06-28;Facture;25585,66;0,0;0,0;25585,66;Payée
FA000496;OP02;;P05;F900;2024-09-28;Facture;25585,66;0,0;0,0;25585,66;Payée
FA000497;OP02;;P05;F900;2024-12-28;Facture;25585,66;0,0;0,0;25585,66;Payée
FA000498;OP02;;P05;F900;2025-03-28;Facture;25585,66;0,0;0,0;25585,66;Payée
FA000499;OP02;;P05;F900;2025-06-28;Facture;25585,66;0,0;0,0;25585,66;Payée
FA000500;OP02;;P05;F900;2025-09-28;Facture;25585,66;0,0;0,0;25585,66;Payée
FA000501;OP02;;P05;F900;2025-12-28;Facture;25585,66;0,0;0,0;25585,66;Payée
FA000502;OP02;;P05;F900;2026-03-28;Facture;25585,66;0,0;0,0;25585,66;Payée
FA000503;OP02;;P05;F900;2026-06-28;Facture;25585,66;0,0;0,0;25585,66;Payée
FA000504;OP02;;P05;F900;2026-09-28;Facture;25585,66;0,0;0,0;25585,66;Payée
FA000505;OP02;;P06;F900;2022-12-15;Facture;136574,28;0,2;27314,86;163889,14;Payée
FA000506;OP02;;P06;F900;2023-12-15;Facture;136574,28;0,2;27314,86;163889,14;Payée
FA000507;OP02;;P06;F900;2024-12-15;Facture;136574,28;0,2;27314,86;163889,14;Payée
FA000508;OP02;;P06;F900;2025-12-15;Facture;136574,28;0,2;27314,86;163889,14;Payée
FA000509;OP03;;P05;F900;2023-03-28;Facture;20737,37;0,0;0,0;20363,37;Payée
FA000510;OP03;;P05;F900;2023-06-28;Facture;20737,37;0,0;0,0;20737,37;Payée
FA000511;OP03;;P05;F900;2023-09-28;Facture;20737,37;0,0;0,0;20737,37;Payée
FA000512;OP03;;P05;F900;2023-12-28;Facture;20737,37;0,0;0,0;20737,37;Payée
FA000513;OP03;;P05;F900;2024-03-28;Facture;20737,37;0,0;0,0;20737,37;Payée
FA000514;OP03;;P05;F900;2024-06-28;Facture;20737,37;0,0;0,0;20737,37;Payée
FA000515;OP03;;P05;F900;2024-09-28;Facture;20737,37;0,0;0,0;20737,37;Payée
FA000516;OP03;;P05;F900;2024-12-28;Facture;20737,37;0,0;0,0;20737,37;Payée
FA000517;OP03;;P05;F900;2025-03-28;Facture;20737,37;0,0;0,0;20737,37;Payée
FA000518;OP03;;P05;F900;2025-06-28;Facture;20737,37;0,0;0,0;20737,37;Payée
FA000519;OP03;;P05;F900;2025-09-28;Facture;20737,37;0,0;0,0;20737,37;Payée
FA000520;OP03;;P05;F900;2025-12-28;Facture;20737,37;0,0;0,0;20737,37;Payée
FA000521;OP03;;P05;F900;2026-03-28;Facture;20737,37;0,0;0,0;20737,37;Payée
FA000522;OP03;;P05;F900;2026-06-28;Facture;20737,37;0,0;0,0;20737,37;Payée
FA000523;OP03;;P05;F900;2026-09-28;Facture;20737,37;0,0;0,0;20737,37;Payée
FA000524;OP03;;P06;F900;2023-12-15;Facture;93507,27;0,2;18701,45;112208,72;Payée
FA000525;OP03;;P06;F900;2024-12-15;Facture;93507,27;0,2;18701,45;112208,72;Payée
FA000526;OP03;;P06;F900;2025-12-15;Facture;93507,27;0,2;18701,45;112208,72;Payée
FA000527;OP04;;P05;F900;2020-09-28;Facture;37430,91;0,0;0,0;37430,91;Payée
FA000528;OP04;;P05;F900;2020-12-28;Facture;37430,91;0,0;0,0;37430,91;Payée
FA000529;OP04;;P05;F900;2021-03-28;Facture;37430,91;0,0;0,0;37430,91;Payée
FA000530;OP04;;P05;F900;2021-06-28;Facture;37430,91;0,0;0,0;37430,91;Payée
FA000531;OP04;;P05;F900;2021-09-28;Facture;37430,91;0,0;0,0;37430,91;Payée
FA000532;OP04;;P05;F900;2021-12-28;Facture;37430,91;0,0;0,0;37430,91;Payée
FA000533;OP04;;P05;F900;2022-03-28;Facture;37430,91;0,0;0,0;37430,91;Payée
FA000534;OP04;;P05;F900;2022-06-28;Facture;37430,91;0,0;0,0;37430,91;Payée
FA000535;OP04;;P05;F900;2022-09-28;Facture;37430,91;0,0;0,0;37430,91;Payée
FA000536;OP04;;P05;F900;2022-12-28;Facture;37430,91;0,0;0,0;37430,91;Payée
FA000537;OP04;;P05;F900;2023-03-28;Facture;37430,91;0,0;0,0;37430,91;Payée
FA000538;OP04;;P05;F900;2023-06-28;Facture;37430,91;0,0;0,0;37430,91;Payée
FA000539;OP04;;P05;F900;2023-09-28;Facture;37430,91;0,0;0,0;37430,91;Payée
FA000540;OP04;;P05;F900;2023-12-28;Facture;37430,91;0,0;0,0;37430,91;Payée
FA000541;OP04;;P05;F900;2024-03-28;Facture;37430,91;0,0;0,0;37430,91;Payée
FA000542;OP04;;P05;F900;2024-06-28;Facture;37430,91;0,0;0,0;37430,91;Payée
FA000543;OP04;;P05;F900;2024-09-28;Facture;37430,91;0,0;0,0;37430,91;Payée
FA000544;OP04;;P05;F900;2024-12-28;Facture;37430,91;0,0;0,0;37430,91;Payée
FA000545;OP04;;P05;F900;2025-03-28;Facture;37430,91;0,0;0,0;37430,91;Payée
FA000546;OP04;;P05;F900;2025-06-28;Facture;37430,91;0,0;0,0;37430,91;Payée
FA000547;OP04;;P05;F900;2025-09-28;Facture;37430,91;0,0;0,0;37430,91;Payée
FA000548;OP04;;P05;F900;2025-12-28;Facture;37430,91;0,0;0,0;37430,91;Payée
FA000549;OP04;;P05;F900;2026-03-28;Facture;37430,91;0,0;0,0;37430,91;Payée
FA000550;OP04;;P05;F900;2026-06-28;Facture;37430,91;0,0;0,0;37430,91;Payée
FA000551;OP04;;P05;F900;2026-09-28;Facture;37430,91;0,0;0,0;37430,91;Payée
FA000552;OP04;;P06;F900;2020-12-15;Facture;224216,86;0,2;44843,37;269060,23;Payée
FA000553;OP04;;P06;F900;2021-12-15;Facture;224216,86;0,2;44843,37;269060,23;Payée
FA000554;OP04;;P06;F900;2022-12-15;Facture;224216,86;0,2;44843,37;269060,23;Payée
FA000555;OP04;;P06;F900;2023-12-15;Facture;224216,86;0,2;44843,37;269060,23;Payée
FA000556;OP04;;P06;F900;2024-12-15;Facture;224216,86;0,2;44843,37;269060,23;Payée
FA000557;OP04;;P06;F900;2025-12-15;Facture;224216,86;0,2;44843,37;269060,23;Payée
FA000558;OP05;;P05;F900;2022-03-28;Facture;18360,27;0,0;0,0;18360,27;Payée
FA000559;OP05;;P05;F900;2022-06-28;Facture;18360,27;0,0;0,0;18360,27;Payée
FA000560;OP05;;P05;F900;2022-09-28;Facture;18360,27;0,0;0,0;18360,27;Payée
FA000561;OP05;;P05;F900;2022-12-28;Facture;18360,27;0,0;0,0;18360,27;Payée
FA000562;OP05;;P05;F900;2023-03-28;Facture;18360,27;0,0;0,0;18360,27;Payée
FA000563;OP05;;P05;F900;2023-06-28;Facture;18360,27;0,0;0,0;18360,27;Payée
FA000564;OP05;;P05;F900;2023-09-28;Facture;18360,27;0,0;0,0;18360,27;Payée
FA000565;OP05;;P05;F900;2023-12-28;Facture;18360,27;0,0;0,0;18360,27;Payée
FA000566;OP05;;P05;F900;2024-03-28;Facture;18360,27;0,0;0,0;18360,27;Payée
FA000567;OP05;;P05;F900;2024-06-28;Facture;18360,27;0,0;0,0;18360,27;Payée
FA000568;OP05;;P05;F900;2024-09-28;Facture;18360,27;0,0;0,0;18360,27;Payée
FA000569;OP05;;P05;F900;2024-12-28;Facture;18360,27;0,0;0,0;18360,27;Payée
FA000570;OP05;;P05;F900;2025-03-28;Facture;18360,27;0,0;0,0;18360,27;Payée
FA000571;OP05;;P05;F900;2025-06-28;Facture;18360,27;0,0;0,0;18360,27;Payée
FA000572;OP05;;P05;F900;2025-09-28;Facture;18360,27;0,0;0,0;18360,27;Payée
FA000573;OP05;;P05;F900;2025-12-28;Facture;18360,27;0,0;0,0;18360,27;Payée
FA000574;OP05;;P05;F900;2026-03-28;Facture;18360,27;0,0;0,0;18360,27;Payée
FA000575;OP05;;P05;F900;2026-06-28;Facture;18360,27;0,0;0,0;18360,27;Payée
FA000576;OP05;;P05;F900;2026-09-28;Facture;18360,27;0,0;0,0;18360,27;Payée
FA000577;OP05;;P06;F900;2022-12-15;Facture;100457,55;0,2;20091,51;120549,06;Payée
FA000578;OP05;;P06;F900;2023-12-15;Facture;100457,55;0,2;20091,51;120549,06;Payée
FA000579;OP05;;P06;F900;2024-12-15;Facture;100457,55;0,2;20091,51;120549,06;Payée
FA000580;OP05;;P06;F900;2025-12-15;Facture;100457,55;0,2;20091,51;120322,06;Payée
FA000581;OP06;;P05;F900;2024-03-28;Facture;20404,14;0,0;0,0;20404,14;Payée
FA000582;OP06;;P05;F900;2024-06-28;Facture;20404,14;0,0;0,0;20404,14;Payée
FA000583;OP06;;P05;F900;2024-09-28;Facture;20404,14;0,0;0,0;20404,14;Payée
FA000584;OP06;;P05;F900;2024-12-28;Facture;20404,14;0,0;0,0;20404,14;Payée
FA000585;OP06;;P05;F900;2025-03-28;Facture;20404,14;0,0;0,0;20404,14;Payée
FA000586;OP06;;P05;F900;2025-06-28;Facture;20404,14;0,0;0,0;20404,14;Payée
FA000587;OP06;;P05;F900;2025-09-28;Facture;20404,14;0,0;0,0;20404,14;Payée
FA000588;OP06;;P05;F900;2025-12-28;Facture;20404,14;0,0;0,0;20404,14;Payée
FA000589;OP06;;P05;F900;2026-03-28;Facture;20404,14;0,0;0,0;20404,14;Payée
FA000590;OP06;;P05;F900;2026-06-28;Facture;20404,14;0,0;0,0;20404,14;Payée
FA000591;OP06;;P05;F900;2026-09-28;Facture;20404,14;0,0;0,0;20404,14;Payée
FA000592;OP06;;P06;F900;2024-12-15;Facture;89583,57;0,2;17916,71;107500,28;Payée
FA000593;OP06;;P06;F900;2025-12-15;Facture;89583,57;0,2;17916,71;107500,28;Payée
FA000594;OP07;;P05;F900;2023-09-28;Facture;17121,2;0,0;0,0;17121,2;Payée
FA000595;OP07;;P05;F900;2023-12-28;Facture;17121,2;0,0;0,0;17121,2;Payée
FA000596;OP07;;P05;F900;2024-03-28;Facture;17121,2;0,0;0,0;17121,2;Payée
FA000597;OP07;;P05;F900;2024-06-28;Facture;17121,2;0,0;0,0;17121,2;Payée
FA000598;OP07;;P05;F900;2024-09-28;Facture;17121,2;0,0;0,0;17121,2;Payée
FA000599;OP07;;P05;F900;2024-12-28;Facture;17121,2;0,0;0,0;17121,2;Payée
FA000600;OP07;;P05;F900;2025-03-28;Facture;17121,2;0,0;0,0;17121,2;Payée
FA000601;OP07;;P05;F900;2025-06-28;Facture;17121,2;0,0;0,0;17121,2;Payée
FA000602;OP07;;P05;F900;2025-09-28;Facture;17121,2;0,0;0,0;17121,2;Payée
FA000603;OP07;;P05;F900;2025-12-28;Facture;17121,2;0,0;0,0;17121,2;Payée
FA000604;OP07;;P05;F900;2026-03-28;Facture;17121,2;0,0;0,0;17121,2;Payée
FA000605;OP07;;P05;F900;2026-06-28;Facture;17121,2;0,0;0,0;17121,2;Payée
FA000606;OP07;;P05;F900;2026-09-28;Facture;17121,2;0,0;0,0;17121,2;Payée
FA000607;OP07;;P06;F900;2023-12-15;Facture;68349,46;0,2;13669,89;82019,35;Payée
FA000608;OP07;;P06;F900;2024-12-15;Facture;68349,46;0,2;13669,89;82019,35;Payée
FA000609;OP07;;P06;F900;2025-12-15;Facture;68349,46;0,2;13669,89;82019,35;Payée
FA000610;OP08;;P05;F900;2024-12-28;Facture;11117,02;0,0;0,0;11117,02;Payée
FA000611;OP08;;P05;F900;2025-03-28;Facture;11117,02;0,0;0,0;11117,02;Payée
FA000612;OP08;;P05;F900;2025-06-28;Facture;11117,02;0,0;0,0;10731,02;Payée
FA000613;OP08;;P05;F900;2025-09-28;Facture;11117,02;0,0;0,0;11117,02;Payée
FA000614;OP08;;P05;F900;2025-12-28;Facture;11117,02;0,0;0,0;11117,02;Payée
FA000615;OP08;;P05;F900;2026-03-28;Facture;11117,02;0,0;0,0;11117,02;Payée
FA000616;OP08;;P05;F900;2026-06-28;Facture;11117,02;0,0;0,0;11117,02;Payée
FA000617;OP08;;P05;F900;2026-09-28;Facture;11117,02;0,0;0,0;11117,02;Payée
FA000618;OP08;;P06;F900;2024-12-15;Facture;53763,95;0,2;10752,79;64516,74;Payée
FA000619;OP08;;P06;F900;2025-12-15;Facture;53763,95;0,2;10752,79;64516,74;Payée
FA000620;OP06;EN0086;P03;F027;2024-12-11;Facture;86054,67;0,2;17210,93;103265,6;Payée
FA000621;OP01;EN0008;P02;F027;2021-11-28;Facture;166193,91;0,2;33238,78;199432,69;Payée
FA000622;OP06;EN0092;P04;F015;2024-11-10;Facture;21376,59;0,2;4275,32;25651,91;Payée
FA000623;OP02;EN0026;P04;F033;2023-07-09;Facture;253128,5;0,2;50625,7;303754,2;Payée
FA000624;OP02;EN0024;P03;F017;2024-05-29;Facture;311450,45;0,2;62290,09;373740,54;Payée
